CREATE DATABASE  IF NOT EXISTS `dublinbikesgroup20` /*!40100 DEFAULT CHARACTER SET utf8mb4 COLLATE utf8mb4_0900_ai_ci */ /*!80016 DEFAULT ENCRYPTION='N' */;
USE `dublinbikesgroup20`;
-- MySQL dump 10.13  Distrib 8.0.34, for Win64 (x86_64)
--
-- Host: localhost    Database: dublinbikesgroup20
-- ------------------------------------------------------
-- Server version	8.0.35

/*!40101 SET @OLD_CHARACTER_SET_CLIENT=@@CHARACTER_SET_CLIENT */;
/*!40101 SET @OLD_CHARACTER_SET_RESULTS=@@CHARACTER_SET_RESULTS */;
/*!40101 SET @OLD_COLLATION_CONNECTION=@@COLLATION_CONNECTION */;
/*!50503 SET NAMES utf8 */;
/*!40103 SET @OLD_TIME_ZONE=@@TIME_ZONE */;
/*!40103 SET TIME_ZONE='+00:00' */;
/*!40014 SET @OLD_UNIQUE_CHECKS=@@UNIQUE_CHECKS, UNIQUE_CHECKS=0 */;
/*!40014 SET @OLD_FOREIGN_KEY_CHECKS=@@FOREIGN_KEY_CHECKS, FOREIGN_KEY_CHECKS=0 */;
/*!40101 SET @OLD_SQL_MODE=@@SQL_MODE, SQL_MODE='NO_AUTO_VALUE_ON_ZERO' */;
/*!40111 SET @OLD_SQL_NOTES=@@SQL_NOTES, SQL_NOTES=0 */;
SET @MYSQLDUMP_TEMP_LOG_BIN = @@SESSION.SQL_LOG_BIN;
SET @@SESSION.SQL_LOG_BIN= 0;

--
-- GTID state at the beginning of the backup 
--

SET @@GLOBAL.GTID_PURGED=/*!80000 '+'*/ '';

--
-- Table structure for table `availability`
--

DROP TABLE IF EXISTS `availability`;
/*!40101 SET @saved_cs_client     = @@character_set_client */;
/*!50503 SET character_set_client = utf8mb4 */;
CREATE TABLE `availability` (
  `update_no` int NOT NULL AUTO_INCREMENT,
  `number` int NOT NULL,
  `last_update` bigint NOT NULL,
  `available_bikes` int DEFAULT NULL,
  `available_bike_stands` int DEFAULT NULL,
  `status` varchar(128) DEFAULT NULL,
  PRIMARY KEY (`update_no`,`number`,`last_update`)
) ENGINE=InnoDB AUTO_INCREMENT=229 DEFAULT CHARSET=utf8mb4 COLLATE=utf8mb4_0900_ai_ci;
/*!40101 SET character_set_client = @saved_cs_client */;

--
-- Dumping data for table `availability`
--

LOCK TABLES `availability` WRITE;
/*!40000 ALTER TABLE `availability` DISABLE KEYS */;
INSERT INTO `availability` VALUES (1,42,1709199642000,2,28,'OPEN'),(2,30,1709199772000,9,11,'OPEN'),(3,54,1709199811000,16,17,'OPEN'),(4,108,1709200005000,0,35,'OPEN'),(5,20,1709200064000,30,0,'OPEN'),(6,56,1709200018000,16,24,'OPEN'),(7,6,1709199948000,8,12,'OPEN'),(8,18,1709199997000,5,25,'OPEN'),(9,32,1709199649000,12,16,'OPEN'),(10,52,1709199761000,6,25,'OPEN'),(11,48,1709200027000,23,17,'OPEN'),(12,13,1709199662000,12,18,'OPEN'),(13,43,1709199700000,0,30,'OPEN'),(14,31,1709200113000,5,15,'OPEN'),(15,98,1709199858000,17,23,'OPEN'),(16,14,1709199818000,6,24,'OPEN'),(17,1,1709199591000,14,17,'OPEN'),(18,23,1709200123000,26,2,'OPEN'),(19,106,1709199558000,0,40,'OPEN'),(20,112,1709200126000,0,30,'OPEN'),(21,68,1709199904000,38,0,'OPEN'),(22,74,1709199856000,6,24,'OPEN'),(23,87,1709199619000,2,36,'OPEN'),(24,84,1709199727000,4,26,'OPEN'),(25,90,1709199886000,39,0,'OPEN'),(26,11,1709200100000,13,17,'OPEN'),(27,17,1709199609000,1,19,'OPEN'),(28,45,1709199810000,22,8,'OPEN'),(29,114,1709199840000,12,28,'OPEN'),(30,72,1709199672000,3,28,'OPEN'),(31,63,1709200098000,12,23,'OPEN'),(32,113,1709199702000,10,30,'OPEN'),(33,91,1709199987000,28,2,'OPEN'),(34,99,1709200088000,16,14,'OPEN'),(35,9,1709200006000,6,18,'OPEN'),(36,67,1709200067000,25,15,'OPEN'),(37,116,1709199540000,0,30,'OPEN'),(38,55,1709199836000,18,17,'OPEN'),(39,62,1709199798000,20,20,'OPEN'),(40,5,1709199964000,8,32,'OPEN'),(41,97,1709199630000,24,16,'OPEN'),(42,61,1709199542000,12,13,'OPEN'),(43,77,1709200014000,1,28,'OPEN'),(44,73,1709200001000,11,19,'OPEN'),(45,4,1709200070000,11,9,'OPEN'),(46,49,1709200078000,32,6,'OPEN'),(47,19,1709199973000,23,6,'OPEN'),(48,7,1709199952000,6,23,'OPEN'),(49,60,1709199983000,12,18,'OPEN'),(50,102,1709199670000,14,26,'OPEN'),(51,38,1709199973000,36,4,'OPEN'),(52,53,1709199668000,11,29,'OPEN'),(53,58,1709200038000,36,4,'OPEN'),(54,66,1709199928000,37,2,'OPEN'),(55,104,1709199709000,13,27,'OPEN'),(56,101,1709199574000,4,26,'OPEN'),(57,115,1709200013000,6,24,'OPEN'),(58,47,1709199601000,11,29,'OPEN'),(59,117,1709200064000,12,28,'OPEN'),(60,8,1709199721000,5,25,'OPEN'),(61,27,1709200041000,12,8,'OPEN'),(62,16,1709200027000,10,10,'OPEN'),(63,96,1709200140000,13,17,'OPEN'),(64,82,1709199613000,7,15,'OPEN'),(65,76,1709199556000,1,37,'OPEN'),(66,71,1709199755000,2,38,'OPEN'),(67,79,1709199711000,3,24,'OPEN'),(68,69,1709200082000,35,3,'OPEN'),(69,25,1709199850000,16,14,'OPEN'),(70,51,1709199865000,6,34,'OPEN'),(71,37,1709199664000,2,28,'OPEN'),(72,59,1709199712000,1,19,'OPEN'),(73,95,1709199802000,20,19,'OPEN'),(74,94,1709199727000,0,40,'OPEN'),(75,105,1709200052000,7,29,'OPEN'),(76,36,1709200111000,23,17,'OPEN'),(77,93,1709199680000,0,40,'OPEN'),(78,22,1709200061000,4,14,'OPEN'),(79,50,1709200095000,16,24,'OPEN'),(80,110,1709199794000,0,40,'OPEN'),(81,12,1709200084000,3,17,'OPEN'),(82,34,1709199761000,0,30,'OPEN'),(83,78,1709199687000,13,27,'OPEN'),(84,2,1709199969000,8,12,'OPEN'),(85,75,1709199909000,21,19,'OPEN'),(86,111,1709199583000,0,40,'OPEN'),(87,26,1709200015000,16,3,'OPEN'),(88,65,1709199849000,38,0,'OPEN'),(89,15,1709199806000,7,9,'OPEN'),(90,86,1709199593000,0,38,'OPEN'),(91,35,1709199799000,5,25,'OPEN'),(92,10,1709199857000,3,13,'OPEN'),(93,100,1709200138000,1,24,'OPEN'),(94,24,1709199744000,2,18,'OPEN'),(95,64,1709200051000,24,16,'OPEN'),(96,109,1709199971000,27,2,'OPEN'),(97,85,1709200106000,6,29,'OPEN'),(98,107,1709199894000,0,40,'OPEN'),(99,33,1709199934000,18,5,'OPEN'),(100,44,1709199761000,4,26,'OPEN'),(101,89,1709199786000,13,27,'OPEN'),(102,57,1709199927000,7,16,'OPEN'),(103,80,1709199843000,23,16,'OPEN'),(104,41,1709199576000,0,20,'OPEN'),(105,3,1709199955000,9,11,'OPEN'),(106,40,1709199872000,7,14,'OPEN'),(107,29,1709200078000,5,22,'OPEN'),(108,103,1709199683000,15,25,'OPEN'),(109,28,1709200106000,11,19,'OPEN'),(110,39,1709199875000,1,19,'OPEN'),(111,83,1709199676000,5,35,'OPEN'),(112,92,1709199640000,4,36,'OPEN'),(113,21,1709200101000,17,12,'OPEN'),(114,88,1709200055000,9,21,'OPEN'),(115,42,1709200248000,3,27,'OPEN'),(116,30,1709200411000,11,9,'OPEN'),(117,54,1709200417000,16,17,'OPEN'),(118,108,1709200336000,0,35,'OPEN'),(119,20,1709200410000,30,0,'OPEN'),(120,56,1709200276000,16,24,'OPEN'),(121,6,1709200175000,8,12,'OPEN'),(122,18,1709200319000,5,25,'OPEN'),(123,32,1709200253000,12,16,'OPEN'),(124,52,1709200413000,6,25,'OPEN'),(125,48,1709200422000,21,19,'OPEN'),(126,13,1709200315000,13,17,'OPEN'),(127,43,1709200305000,0,30,'OPEN'),(128,31,1709200178000,5,15,'OPEN'),(129,98,1709200148000,18,22,'OPEN'),(130,14,1709200426000,7,23,'OPEN'),(131,1,1709200197000,14,17,'OPEN'),(132,23,1709200421000,25,3,'OPEN'),(133,106,1709200163000,0,40,'OPEN'),(134,112,1709200275000,0,30,'OPEN'),(135,68,1709200331000,37,1,'OPEN'),(136,74,1709200411000,7,23,'OPEN'),(137,87,1709200224000,2,36,'OPEN'),(138,84,1709200332000,4,26,'OPEN'),(139,90,1709200341000,38,1,'OPEN'),(140,11,1709200161000,13,17,'OPEN'),(141,17,1709200317000,2,18,'OPEN'),(142,45,1709200414000,22,8,'OPEN'),(143,114,1709200417000,12,28,'OPEN'),(144,72,1709200278000,3,28,'OPEN'),(145,63,1709200290000,12,23,'OPEN'),(146,113,1709200307000,10,30,'OPEN'),(147,91,1709200187000,29,1,'OPEN'),(148,99,1709200327000,16,14,'OPEN'),(149,9,1709200355000,6,18,'OPEN'),(150,67,1709200258000,26,14,'OPEN'),(151,116,1709200145000,0,30,'OPEN'),(152,55,1709200444000,17,18,'OPEN'),(153,62,1709200260000,20,20,'OPEN'),(154,5,1709200207000,6,34,'OPEN'),(155,97,1709200235000,24,16,'OPEN'),(156,61,1709200147000,12,13,'OPEN'),(157,77,1709200278000,1,28,'OPEN'),(158,73,1709200435000,10,20,'OPEN'),(159,4,1709200317000,11,9,'OPEN'),(160,49,1709200440000,33,5,'OPEN'),(161,19,1709200405000,23,6,'OPEN'),(162,7,1709200251000,6,23,'OPEN'),(163,60,1709200415000,13,17,'OPEN'),(164,102,1709200228000,14,26,'OPEN'),(165,38,1709200303000,37,3,'OPEN'),(166,53,1709200273000,11,29,'OPEN'),(167,58,1709200437000,37,3,'OPEN'),(168,66,1709200233000,38,1,'OPEN'),(169,104,1709200314000,13,27,'OPEN'),(170,101,1709200415000,4,26,'OPEN'),(171,115,1709200414000,6,24,'OPEN'),(172,47,1709200206000,11,29,'OPEN'),(173,117,1709200298000,13,27,'OPEN'),(174,8,1709200402000,6,24,'OPEN'),(175,27,1709200377000,12,8,'OPEN'),(176,16,1709200185000,10,10,'OPEN'),(177,96,1709200140000,13,17,'OPEN'),(178,82,1709200411000,6,16,'OPEN'),(179,76,1709200162000,1,37,'OPEN'),(180,71,1709200384000,1,39,'OPEN'),(181,79,1709200316000,3,24,'OPEN'),(182,69,1709200419000,35,3,'OPEN'),(183,25,1709200405000,17,13,'OPEN'),(184,51,1709200147000,6,34,'OPEN'),(185,37,1709200269000,2,28,'OPEN'),(186,59,1709200317000,1,19,'OPEN'),(187,95,1709200407000,20,19,'OPEN'),(188,94,1709200332000,0,40,'OPEN'),(189,105,1709200402000,7,29,'OPEN'),(190,36,1709200204000,23,17,'OPEN'),(191,93,1709200285000,0,40,'OPEN'),(192,22,1709200266000,4,14,'OPEN'),(193,50,1709200431000,16,24,'OPEN'),(194,110,1709200399000,0,40,'OPEN'),(195,12,1709200277000,2,18,'OPEN'),(196,34,1709200367000,0,30,'OPEN'),(197,78,1709200293000,13,27,'OPEN'),(198,2,1709200221000,8,12,'OPEN'),(199,75,1709200440000,22,18,'OPEN'),(200,111,1709200189000,0,40,'OPEN'),(201,26,1709200432000,15,4,'OPEN'),(202,65,1709199849000,38,0,'OPEN'),(203,15,1709200411000,7,9,'OPEN'),(204,86,1709200198000,0,38,'OPEN'),(205,35,1709200404000,5,25,'OPEN'),(206,10,1709199857000,3,13,'OPEN'),(207,100,1709200425000,1,24,'OPEN'),(208,24,1709200349000,2,18,'OPEN'),(209,64,1709200409000,23,17,'OPEN'),(210,109,1709200361000,27,2,'OPEN'),(211,85,1709200411000,6,29,'OPEN'),(212,107,1709200236000,0,40,'OPEN'),(213,33,1709200431000,18,5,'OPEN'),(214,44,1709200367000,3,27,'OPEN'),(215,89,1709200367000,13,27,'OPEN'),(216,57,1709200292000,8,15,'OPEN'),(217,80,1709200402000,23,16,'OPEN'),(218,41,1709200374000,1,19,'OPEN'),(219,3,1709200399000,10,10,'OPEN'),(220,40,1709200259000,8,13,'OPEN'),(221,29,1709200421000,6,21,'OPEN'),(222,103,1709200288000,15,25,'OPEN'),(223,28,1709200298000,11,19,'OPEN'),(224,39,1709200370000,1,19,'OPEN'),(225,83,1709200281000,5,35,'OPEN'),(226,92,1709200250000,1,39,'OPEN'),(227,21,1709200387000,19,10,'OPEN'),(228,88,1709200315000,8,22,'OPEN');
/*!40000 ALTER TABLE `availability` ENABLE KEYS */;
UNLOCK TABLES;

--
-- Table structure for table `station`
--

DROP TABLE IF EXISTS `station`;
/*!40101 SET @saved_cs_client     = @@character_set_client */;
/*!50503 SET character_set_client = utf8mb4 */;
CREATE TABLE `station` (
  `number` int NOT NULL,
  `address` varchar(128) DEFAULT NULL,
  `banking` int DEFAULT NULL,
  `bike_stands` int DEFAULT NULL,
  `name` varchar(128) DEFAULT NULL,
  `position_lat` float DEFAULT NULL,
  `position_lng` float DEFAULT NULL,
  PRIMARY KEY (`number`)
) ENGINE=InnoDB DEFAULT CHARSET=utf8mb4 COLLATE=utf8mb4_0900_ai_ci;
/*!40101 SET character_set_client = @saved_cs_client */;

--
-- Dumping data for table `station`
--

LOCK TABLES `station` WRITE;
/*!40000 ALTER TABLE `station` DISABLE KEYS */;
INSERT INTO `station` VALUES (1,'Clarendon Row',0,31,'CLARENDON ROW',53.3409,-6.2625),(2,'Blessington Street',0,20,'BLESSINGTON STREET',53.3568,-6.26814),(3,'Bolton Street',0,20,'BOLTON STREET',53.3512,-6.26986),(4,'Greek Street',0,20,'GREEK STREET',53.3469,-6.27298),(5,'Charlemont Street',0,40,'CHARLEMONT PLACE',53.3307,-6.26018),(6,'Christchurch Place',0,20,'CHRISTCHURCH PLACE',53.3434,-6.27012),(7,'High Street',0,29,'HIGH STREET',53.3436,-6.27507),(8,'Custom House Quay',0,30,'CUSTOM HOUSE QUAY',53.3479,-6.24805),(9,'Exchequer Street',0,24,'EXCHEQUER STREET',53.343,-6.26358),(10,'Dame Street',1,16,'DAME STREET',53.344,-6.2668),(11,'Earlsfort Terrace',0,30,'EARLSFORT TERRACE',53.3343,-6.2585),(12,'Eccles Street',0,20,'ECCLES STREET',53.3592,-6.26978),(13,'Fitzwilliam Square West',0,30,'FITZWILLIAM SQUARE WEST',53.3361,-6.25282),(14,'Fownes Street Upper',0,30,'FOWNES STREET UPPER',53.3446,-6.26337),(15,'Hardwicke Street',0,16,'HARDWICKE STREET',53.3555,-6.26442),(16,'Georges Quay',0,20,'GEORGES QUAY',53.3475,-6.25219),(17,'Golden Lane',0,20,'GOLDEN LANE',53.3408,-6.26773),(18,'Grantham Street',0,30,'GRANTHAM STREET',53.3341,-6.26544),(19,'Herbert Place',0,30,'HERBERT PLACE',53.3344,-6.24557),(20,'James Street East',0,30,'JAMES STREET EAST',53.3366,-6.24811),(21,'Leinster Street South',0,30,'LEINSTER STREET SOUTH',53.3422,-6.25449),(22,'Townsend Street',0,20,'TOWNSEND STREET',53.3459,-6.25461),(23,'Custom House',0,30,'CUSTOM HOUSE',53.3483,-6.25466),(24,'Cathal Brugha Street',0,20,'CATHAL BRUGHA STREET',53.3521,-6.26053),(25,'Merrion Square East',0,30,'MERRION SQUARE EAST',53.3394,-6.24655),(26,'Merrion Square West',1,20,'MERRION SQUARE WEST',53.3398,-6.25199),(27,'Molesworth Street',0,20,'MOLESWORTH STREET',53.3413,-6.25812),(28,'Mountjoy Square West',0,30,'MOUNTJOY SQUARE WEST',53.3563,-6.25859),(29,'Ormond Quay Upper',0,29,'ORMOND QUAY UPPER',53.3461,-6.268),(30,'Parnell Square North',0,20,'PARNELL SQUARE NORTH',53.3537,-6.2653),(31,'Parnell Street',0,20,'PARNELL STREET',53.3509,-6.26512),(32,'Pearse Street',0,30,'PEARSE STREET',53.3443,-6.25043),(33,'Princes Street / O\'Connell Street',1,23,'PRINCES STREET / O\'CONNELL STREET',53.349,-6.26031),(34,'Portobello Harbour',0,30,'PORTOBELLO HARBOUR',53.3304,-6.26516),(35,'Smithfield',0,30,'SMITHFIELD',53.3477,-6.27821),(36,'St. Stephen\'s Green East',0,40,'ST. STEPHEN\'S GREEN EAST',53.3378,-6.25603),(37,'St. Stephen\'s Green South',1,30,'ST. STEPHEN\'S GREEN SOUTH',53.3375,-6.26199),(38,'Talbot Street',0,40,'TALBOT STREET',53.351,-6.25294),(39,'Wilton Terrace',0,20,'WILTON TERRACE',53.3324,-6.25272),(40,'Jervis Street',0,21,'JERVIS STREET',53.3483,-6.26665),(41,'Harcourt Terrace',0,20,'HARCOURT TERRACE',53.3328,-6.25794),(42,'Smithfield North',0,30,'SMITHFIELD NORTH',53.3496,-6.2782),(43,'Portobello Road',0,30,'PORTOBELLO ROAD',53.3301,-6.26804),(44,'Upper Sherrard Street',0,30,'UPPER SHERRARD STREET',53.3584,-6.26064),(45,'Deverell Place',0,30,'DEVERELL PLACE',53.3515,-6.25527),(47,'Herbert Street',0,40,'HERBERT STREET',53.3357,-6.24551),(48,'Excise Walk',0,40,'EXCISE WALK',53.3478,-6.24424),(49,'Guild Street',0,40,'GUILD STREET',53.3479,-6.24093),(50,'George\'s Lane',0,40,'GEORGES LANE',53.3502,-6.2797),(51,'York Street West',0,40,'YORK STREET WEST',53.3393,-6.2647),(52,'York Street East',0,32,'YORK STREET EAST',53.3388,-6.262),(53,'Newman House',0,40,'NEWMAN HOUSE',53.3371,-6.26059),(54,'Clonmel Street',0,33,'CLONMEL STREET',53.336,-6.26298),(55,'Hatch Street',0,36,'HATCH STREET',53.334,-6.26071),(56,'Mount Street Lower',0,40,'MOUNT STREET LOWER',53.338,-6.24153),(57,'Grattan Street',0,23,'GRATTAN STREET',53.3396,-6.24378),(58,'Sir Patrick\'s Dun',0,40,'SIR PATRICK DUN\'S',53.3392,-6.24064),(59,'Denmark Street Great',0,20,'DENMARK STREET GREAT',53.3556,-6.2614),(60,'North Circular Road',0,30,'NORTH CIRCULAR ROAD',53.3596,-6.26035),(61,'Hardwicke Place',0,25,'HARDWICKE PLACE',53.357,-6.26323),(62,'Lime Street',0,40,'LIME STREET',53.346,-6.24358),(63,'Fenian Street',0,35,'FENIAN STREET',53.3414,-6.24672),(64,'Sandwith Street',0,40,'SANDWITH STREET',53.3452,-6.24716),(65,'Convention Centre',1,40,'CONVENTION CENTRE',53.3474,-6.23852),(66,'New Central Bank',0,40,'NEW CENTRAL BANK',53.3471,-6.23475),(67,'The Point',0,40,'THE POINT',53.3469,-6.23085),(68,'Hanover Quay',0,40,'HANOVER QUAY',53.3441,-6.23715),(69,'Grand Canal Dock',0,40,'GRAND CANAL DOCK',53.3426,-6.2387),(71,'Kevin Street',0,40,'KEVIN STREET',53.3378,-6.2677),(72,'John Street West',0,31,'JOHN STREET WEST',53.3431,-6.27717),(73,'Francis Street',0,30,'FRANCIS STREET',53.3421,-6.27523),(74,'Oliver Bond Street',0,30,'OLIVER BOND STREET',53.3439,-6.28053),(75,'James Street',0,40,'JAMES STREET',53.3435,-6.28741),(76,'Market Street South',0,38,'MARKET STREET SOUTH',53.3423,-6.28766),(77,'Wolfe Tone Street',0,29,'WOLFE TONE STREET',53.3489,-6.26746),(78,'Mater Hospital',0,40,'MATER HOSPITAL',53.36,-6.26483),(79,'Eccles Street East',0,27,'ECCLES STREET EAST',53.3581,-6.2656),(80,'St James Hospital (Luas)',0,40,'ST JAMES HOSPITAL (LUAS)',53.3414,-6.29295),(82,'Mount Brown',0,22,'MOUNT BROWN',53.3416,-6.29719),(83,'Emmet Road',0,40,'EMMET ROAD',53.3407,-6.30819),(84,'Brookfield Road',0,30,'BROOKFIELD ROAD',53.339,-6.30022),(85,'Rothe Abbey',0,35,'ROTHE ABBEY',53.3388,-6.30395),(86,'Parkgate Street',0,38,'PARKGATE STREET',53.348,-6.2918),(87,'Collins Barracks Museum',0,38,'COLLINS BARRACKS MUSEUM',53.3475,-6.28525),(88,'Blackhall Place',0,30,'BLACKHALL PLACE',53.3488,-6.28164),(89,'Fitzwilliam Square East',0,40,'FITZWILLIAM SQUARE EAST',53.3352,-6.2509),(90,'Benson Street',0,40,'BENSON STREET',53.3442,-6.23345),(91,'South Dock Road',0,30,'SOUTH DOCK ROAD',53.3418,-6.23129),(92,'Heuston Bridge (North)',0,40,'HEUSTON BRIDGE (NORTH)',53.3478,-6.29243),(93,'Heuston Station (Central)',0,40,'HEUSTON STATION (CENTRAL)',53.3466,-6.29692),(94,'Heuston Station (Car Park)',0,40,'HEUSTON STATION (CAR PARK)',53.347,-6.2978),(95,'Royal Hospital',0,40,'ROYAL HOSPITAL',53.3439,-6.29706),(96,'Kilmainham Lane',0,30,'KILMAINHAM LANE',53.3418,-6.30509),(97,'Kilmainham Gaol',0,40,'KILMAINHAM GAOL',53.3421,-6.31002),(98,'Frederick Street South',0,40,'FREDERICK STREET SOUTH',53.3415,-6.25685),(99,'City Quay',0,30,'CITY QUAY',53.3466,-6.24615),(100,'Heuston Bridge (South)',0,25,'HEUSTON BRIDGE (SOUTH)',53.3471,-6.29204),(101,'King Street North',0,30,'KING STREET NORTH',53.3503,-6.27351),(102,'Western Way',0,40,'WESTERN WAY',53.3549,-6.26942),(103,'Grangegorman Lower (South)',0,40,'GRANGEGORMAN LOWER (SOUTH)',53.3547,-6.27868),(104,'Grangegorman Lower (Central)',0,40,'GRANGEGORMAN LOWER (CENTRAL)',53.3552,-6.27842),(105,'Grangegorman Lower (North)',0,36,'GRANGEGORMAN LOWER (NORTH)',53.356,-6.27838),(106,'Rathdown Road',0,40,'RATHDOWN ROAD',53.3589,-6.28034),(107,'Charleville Road',0,40,'CHARLEVILLE ROAD',53.3592,-6.28187),(108,'Avondale Road',0,35,'AVONDALE ROAD',53.3594,-6.27614),(109,'Buckingham Street Lower',0,29,'BUCKINGHAM STREET LOWER',53.3533,-6.24932),(110,'Phibsborough Road',0,40,'PHIBSBOROUGH ROAD',53.3563,-6.27372),(111,'Mountjoy Square East',0,40,'MOUNTJOY SQUARE EAST',53.3567,-6.25636),(112,'North Circular Road (O\'Connell\'s)',0,30,'NORTH CIRCULAR ROAD (O\'CONNELL\'S)',53.3578,-6.25156),(113,'Merrion Square South',0,40,'MERRION SQUARE SOUTH',53.3386,-6.24861),(114,'Wilton Terrace (Park)',0,40,'WILTON TERRACE (PARK)',53.3337,-6.24834),(115,'Killarney Street',0,30,'KILLARNEY STREET',53.3548,-6.24758),(116,'Broadstone',0,30,'BROADSTONE',53.3547,-6.27231),(117,'Hanover Quay East',0,40,'HANOVER QUAY EAST',53.3437,-6.23175);
/*!40000 ALTER TABLE `station` ENABLE KEYS */;
UNLOCK TABLES;

--
-- Table structure for table `weather_data`
--

DROP TABLE IF EXISTS `weather_data`;
/*!40101 SET @saved_cs_client     = @@character_set_client */;
/*!50503 SET character_set_client = utf8mb4 */;
CREATE TABLE `weather_data` (
  `name` varchar(250) DEFAULT NULL,
  `temp_c` int DEFAULT NULL,
  `weather_condition` varchar(250) DEFAULT NULL,
  `wind_mph` int DEFAULT NULL,
  `wind_dir` varchar(250) DEFAULT NULL,
  `precip_mm` int DEFAULT NULL,
  `ID` int NOT NULL AUTO_INCREMENT,
  `last_updated` datetime NOT NULL,
  PRIMARY KEY (`ID`,`last_updated`),
  UNIQUE KEY `ID_UNIQUE` (`ID`),
  UNIQUE KEY `last_updated_UNIQUE` (`last_updated`)
) ENGINE=InnoDB AUTO_INCREMENT=439 DEFAULT CHARSET=utf8mb4 COLLATE=utf8mb4_0900_ai_ci;
/*!40101 SET character_set_client = @saved_cs_client */;

--
-- Dumping data for table `weather_data`
--

LOCK TABLES `weather_data` WRITE;
/*!40000 ALTER TABLE `weather_data` DISABLE KEYS */;
INSERT INTO `weather_data` VALUES ('Dublin',7,'Partly cloudy',14,'SW',0,1,'2024-02-27 09:30:00'),('Dublin',8,'Partly cloudy',14,'SW',0,323,'2024-02-27 10:30:00');
/*!40000 ALTER TABLE `weather_data` ENABLE KEYS */;
UNLOCK TABLES;

--
-- Dumping events for database 'dublinbikesgroup20'
--

--
-- Dumping routines for database 'dublinbikesgroup20'
--
SET @@SESSION.SQL_LOG_BIN = @MYSQLDUMP_TEMP_LOG_BIN;
/*!40103 SET TIME_ZONE=@OLD_TIME_ZONE */;

/*!40101 SET SQL_MODE=@OLD_SQL_MODE */;
/*!40014 SET FOREIGN_KEY_CHECKS=@OLD_FOREIGN_KEY_CHECKS */;
/*!40014 SET UNIQUE_CHECKS=@OLD_UNIQUE_CHECKS */;
/*!40101 SET CHARACTER_SET_CLIENT=@OLD_CHARACTER_SET_CLIENT */;
/*!40101 SET CHARACTER_SET_RESULTS=@OLD_CHARACTER_SET_RESULTS */;
/*!40101 SET COLLATION_CONNECTION=@OLD_COLLATION_CONNECTION */;
/*!40111 SET SQL_NOTES=@OLD_SQL_NOTES */;

-- Dump completed on 2024-03-05 12:15:35
