name,temp_c,weather_condition,wind_mph,wind_dir,precip_mm,ID,last_update,date,hours
Dublin,7,Partly cloudy,14,SW,0,1,27/02/2024 09:30,27/02/2024 00:00,9:00 am
Dublin,8,Partly cloudy,14,SW,0,323,27/02/2024 10:30,27/02/2024 00:00,10:00 am
Dublin,7,Partly cloudy,15,SE,0,439,07/03/2024 09:30,07/03/2024 00:00,9:00 am
Dublin,8,Partly cloudy,15,SE,0,441,07/03/2024 11:15,07/03/2024 00:00,11:00 am
Dublin,8,Partly cloudy,15,ESE,0,443,07/03/2024 15:15,07/03/2024 00:00,3:00 pm
Dublin,8,Partly cloudy,16,ESE,0,445,07/03/2024 15:45,07/03/2024 00:00,3:00 pm
Dublin,8,Partly cloudy,19,E,0,447,07/03/2024 16:15,07/03/2024 00:00,4:00 pm
Dublin,9,Partly cloudy,16,E,0,449,07/03/2024 16:45,07/03/2024 00:00,4:00 pm
Dublin,8,Partly cloudy,19,E,0,451,07/03/2024 17:15,07/03/2024 00:00,5:00 pm
Dublin,8,Partly cloudy,16,E,0,453,07/03/2024 17:45,07/03/2024 00:00,5:00 pm
Dublin,7,Partly cloudy,17,E,0,455,07/03/2024 18:15,07/03/2024 00:00,6:00 pm
Dublin,7,Partly cloudy,16,ESE,0,457,07/03/2024 18:45,07/03/2024 00:00,6:00 pm
Dublin,7,Partly cloudy,14,E,0,459,07/03/2024 19:15,07/03/2024 00:00,7:00 pm
Dublin,7,Partly cloudy,14,E,0,461,07/03/2024 19:45,07/03/2024 00:00,7:00 pm
Dublin,7,Partly cloudy,15,E,0,463,07/03/2024 20:15,07/03/2024 00:00,8:00 pm
Dublin,7,Partly cloudy,14,E,0,465,07/03/2024 20:45,07/03/2024 00:00,8:00 pm
Dublin,7,Partly cloudy,17,E,0,467,07/03/2024 21:15,07/03/2024 00:00,9:00 pm
Dublin,7,Partly cloudy,19,E,0,469,07/03/2024 21:45,07/03/2024 00:00,9:00 pm
Dublin,7,Partly cloudy,19,E,0,471,07/03/2024 22:15,07/03/2024 00:00,10:00 pm
Dublin,7,Partly cloudy,16,E,0,473,07/03/2024 22:45,07/03/2024 00:00,10:00 pm
Dublin,6,Partly cloudy,17,E,0,475,07/03/2024 23:15,07/03/2024 00:00,11:00 pm
Dublin,6,Partly cloudy,15,E,0,477,07/03/2024 23:45,07/03/2024 00:00,11:00 pm
Dublin,6,Partly cloudy,15,E,0,479,08/03/2024 00:15,08/03/2024 00:00,12:00 am
Dublin,6,Light drizzle,14,ESE,0,481,08/03/2024 00:45,08/03/2024 00:00,12:00 am
Dublin,6,Partly cloudy,21,E,0,483,08/03/2024 01:15,08/03/2024 00:00,1:00 am
Dublin,6,Light rain,17,E,0,485,08/03/2024 01:45,08/03/2024 00:00,1:00 am
Dublin,6,Partly cloudy,14,E,0,487,08/03/2024 02:15,08/03/2024 00:00,2:00 am
Dublin,6,Partly cloudy,15,E,0,489,08/03/2024 02:45,08/03/2024 00:00,2:00 am
Dublin,6,Partly cloudy,15,E,0,491,08/03/2024 03:15,08/03/2024 00:00,3:00 am
Dublin,6,Partly cloudy,17,E,0,493,08/03/2024 03:45,08/03/2024 00:00,3:00 am
Dublin,6,Partly cloudy,17,E,0,495,08/03/2024 04:15,08/03/2024 00:00,4:00 am
Dublin,6,Partly cloudy,14,E,0,497,08/03/2024 04:45,08/03/2024 00:00,4:00 am
Dublin,5,Partly cloudy,12,E,0,499,08/03/2024 05:15,08/03/2024 00:00,5:00 am
Dublin,5,Partly cloudy,11,E,0,501,08/03/2024 05:45,08/03/2024 00:00,5:00 am
Dublin,5,Partly cloudy,15,E,0,503,08/03/2024 06:15,08/03/2024 00:00,6:00 am
Dublin,5,Partly cloudy,15,E,0,505,08/03/2024 06:45,08/03/2024 00:00,6:00 am
Dublin,5,Partly cloudy,9,E,0,507,08/03/2024 07:15,08/03/2024 00:00,7:00 am
Dublin,5,Partly cloudy,9,ENE,0,509,08/03/2024 07:45,08/03/2024 00:00,7:00 am
Dublin,6,Partly cloudy,12,E,0,511,08/03/2024 08:15,08/03/2024 00:00,8:00 am
Dublin,6,Partly cloudy,13,E,0,513,08/03/2024 08:45,08/03/2024 00:00,8:00 am
Dublin,6,Partly cloudy,12,E,0,515,08/03/2024 09:15,08/03/2024 00:00,9:00 am
Dublin,6,Partly cloudy,15,E,0,517,08/03/2024 09:45,08/03/2024 00:00,9:00 am
Dublin,7,Partly cloudy,17,E,0,519,08/03/2024 10:15,08/03/2024 00:00,10:00 am
Dublin,7,Partly cloudy,15,E,0,521,08/03/2024 11:00,08/03/2024 00:00,11:00 am
Dublin,7,Partly cloudy,14,E,0,523,08/03/2024 11:15,08/03/2024 00:00,11:00 am
Dublin,6,Partly cloudy,14,E,0,525,08/03/2024 11:45,08/03/2024 00:00,11:00 am
Dublin,7,Partly cloudy,15,E,0,527,08/03/2024 12:15,08/03/2024 00:00,12:00 pm
Dublin,7,Partly cloudy,16,E,0,529,08/03/2024 12:45,08/03/2024 00:00,12:00 pm
Dublin,7,Partly cloudy,17,E,0,531,08/03/2024 13:15,08/03/2024 00:00,1:00 pm
Dublin,7,Partly cloudy,13,E,0,533,08/03/2024 13:45,08/03/2024 00:00,1:00 pm
Dublin,7,Partly cloudy,14,E,0,535,08/03/2024 14:15,08/03/2024 00:00,2:00 pm
Dublin,7,Partly cloudy,16,E,0,537,08/03/2024 14:45,08/03/2024 00:00,2:00 pm
Dublin,7,Partly cloudy,16,E,0,539,08/03/2024 15:15,08/03/2024 00:00,3:00 pm
Dublin,7,Partly cloudy,19,E,0,541,08/03/2024 15:45,08/03/2024 00:00,3:00 pm
Dublin,8,Partly cloudy,13,E,0,543,08/03/2024 16:15,08/03/2024 00:00,4:00 pm
Dublin,8,Partly cloudy,14,E,0,545,08/03/2024 16:45,08/03/2024 00:00,4:00 pm
Dublin,7,Partly cloudy,21,E,0,547,08/03/2024 17:15,08/03/2024 00:00,5:00 pm
Dublin,7,Partly cloudy,26,E,0,549,08/03/2024 17:45,08/03/2024 00:00,5:00 pm
Dublin,7,Partly cloudy,21,E,0,551,08/03/2024 18:15,08/03/2024 00:00,6:00 pm
Dublin,7,Partly cloudy,19,E,0,553,08/03/2024 18:45,08/03/2024 00:00,6:00 pm
Dublin,7,Partly cloudy,17,E,0,555,08/03/2024 19:15,08/03/2024 00:00,7:00 pm
Dublin,7,Partly cloudy,24,E,0,557,08/03/2024 19:45,08/03/2024 00:00,7:00 pm
Dublin,6,Partly cloudy,22,E,0,559,08/03/2024 20:15,08/03/2024 00:00,8:00 pm
Dublin,6,Partly cloudy,21,E,0,561,08/03/2024 20:45,08/03/2024 00:00,8:00 pm
Dublin,6,Partly cloudy,21,E,0,563,08/03/2024 21:15,08/03/2024 00:00,9:00 pm
Dublin,6,Partly cloudy,22,E,0,565,08/03/2024 21:45,08/03/2024 00:00,9:00 pm
Dublin,6,Partly cloudy,22,E,0,567,08/03/2024 22:15,08/03/2024 00:00,10:00 pm
Dublin,6,Partly cloudy,24,E,0,569,08/03/2024 22:45,08/03/2024 00:00,10:00 pm
Dublin,6,Partly cloudy,23,E,0,571,08/03/2024 23:15,08/03/2024 00:00,11:00 pm
Dublin,6,Partly cloudy,22,E,0,573,08/03/2024 23:45,08/03/2024 00:00,11:00 pm
Dublin,6,Partly cloudy,22,E,0,575,09/03/2024 00:15,09/03/2024 00:00,12:00 am
Dublin,5,Overcast ,19,E,0,577,09/03/2024 00:45,09/03/2024 00:00,12:00 am
Dublin,6,Partly cloudy,21,E,0,579,09/03/2024 01:15,09/03/2024 00:00,1:00 am
Dublin,5,Partly cloudy,21,E,0,581,09/03/2024 01:45,09/03/2024 00:00,1:00 am
Dublin,5,Partly cloudy,17,E,0,583,09/03/2024 02:15,09/03/2024 00:00,2:00 am
Dublin,5,Partly cloudy,19,E,0,585,09/03/2024 02:45,09/03/2024 00:00,2:00 am
Dublin,6,Partly cloudy,19,E,0,587,09/03/2024 03:15,09/03/2024 00:00,3:00 am
Dublin,6,Partly cloudy,22,ENE,0,589,09/03/2024 03:45,09/03/2024 00:00,3:00 am
Dublin,6,Partly cloudy,24,ENE,0,591,09/03/2024 04:15,09/03/2024 00:00,4:00 am
Dublin,6,Partly cloudy,26,ENE,0,593,09/03/2024 04:45,09/03/2024 00:00,4:00 am
Dublin,6,Overcast,22,E,0,595,09/03/2024 05:15,09/03/2024 00:00,5:00 am
Dublin,6,Overcast,27,ENE,0,597,09/03/2024 05:45,09/03/2024 00:00,5:00 am
Dublin,6,Overcast,23,ENE,0,599,09/03/2024 06:15,09/03/2024 00:00,6:00 am
Dublin,6,Overcast,24,ENE,0,601,09/03/2024 06:45,09/03/2024 00:00,6:00 am
Dublin,6,Overcast,26,ENE,0,603,09/03/2024 07:15,09/03/2024 00:00,7:00 am
Dublin,6,Overcast,26,ENE,0,605,09/03/2024 07:45,09/03/2024 00:00,7:00 am
Dublin,6,Partly cloudy,26,ENE,0,607,09/03/2024 08:30,09/03/2024 00:00,8:00 am
Dublin,6,Overcast,15,ENE,0,609,09/03/2024 08:45,09/03/2024 00:00,8:00 am
Dublin,6,Partly cloudy,24,ENE,0,611,09/03/2024 09:15,09/03/2024 00:00,9:00 am
Dublin,6,Partly cloudy,27,ENE,0,613,09/03/2024 09:45,09/03/2024 00:00,9:00 am
Dublin,6,Overcast,17,E,0,615,09/03/2024 10:15,09/03/2024 00:00,10:00 am
Dublin,6,Overcast,17,E,0,617,09/03/2024 10:45,09/03/2024 00:00,10:00 am
Dublin,7,Partly cloudy,24,ENE,0,619,09/03/2024 11:15,09/03/2024 00:00,11:00 am
Dublin,7,Light rain,23,ENE,0,621,09/03/2024 11:45,09/03/2024 00:00,11:00 am
Dublin,6,Light rain,21,E,0,623,09/03/2024 12:15,09/03/2024 00:00,12:00 pm
Dublin,6,Light rain,23,E,0,625,09/03/2024 12:45,09/03/2024 00:00,12:00 pm
Dublin,6,Light rain,17,E,0,627,09/03/2024 13:15,09/03/2024 00:00,1:00 pm
Dublin,6,Light rain,17,E,0,629,09/03/2024 13:45,09/03/2024 00:00,1:00 pm
Dublin,6,Light rain,16,E,0,631,09/03/2024 14:15,09/03/2024 00:00,2:00 pm
Dublin,6,Light rain,16,E,0,633,09/03/2024 14:45,09/03/2024 00:00,2:00 pm
Dublin,7,Mist,19,E,0,635,09/03/2024 15:15,09/03/2024 00:00,3:00 pm
Dublin,7,Mist,19,E,0,637,09/03/2024 15:45,09/03/2024 00:00,3:00 pm
Dublin,7,Mist,19,E,0,639,09/03/2024 16:15,09/03/2024 00:00,4:00 pm
Dublin,7,Mist,19,ENE,0,641,09/03/2024 16:45,09/03/2024 00:00,4:00 pm
Dublin,7,Mist,19,ENE,0,643,09/03/2024 17:15,09/03/2024 00:00,5:00 pm
Dublin,7,Light drizzle,16,ENE,0,645,09/03/2024 17:45,09/03/2024 00:00,5:00 pm
Dublin,7,Mist,17,ENE,0,647,09/03/2024 18:15,09/03/2024 00:00,6:00 pm
Dublin,7,Mist,15,ENE,0,649,09/03/2024 18:45,09/03/2024 00:00,6:00 pm
Dublin,7,Mist,17,ENE,0,651,09/03/2024 19:15,09/03/2024 00:00,7:00 pm
Dublin,7,Mist,15,NE,0,653,09/03/2024 19:45,09/03/2024 00:00,7:00 pm
Dublin,7,Mist,8,ENE,0,655,09/03/2024 20:15,09/03/2024 00:00,8:00 pm
Dublin,7,Mist,8,ENE,0,657,09/03/2024 20:45,09/03/2024 00:00,8:00 pm
Dublin,7,Partly cloudy,17,ENE,0,659,09/03/2024 21:15,09/03/2024 00:00,9:00 pm
Dublin,7,Partly cloudy,19,ENE,0,661,09/03/2024 21:45,09/03/2024 00:00,9:00 pm
Dublin,7,Overcast,13,E,0,663,09/03/2024 22:15,09/03/2024 00:00,10:00 pm
Dublin,7,Partly cloudy,17,ENE,0,665,09/03/2024 22:45,09/03/2024 00:00,10:00 pm
Dublin,7,Overcast,13,E,0,667,09/03/2024 23:30,09/03/2024 00:00,11:00 pm
Dublin,7,Partly cloudy,17,ENE,0,669,09/03/2024 23:45,09/03/2024 00:00,11:00 pm
Dublin,7,Partly cloudy,17,ENE,0,671,10/03/2024 00:15,10/03/2024 00:00,12:00 am
Dublin,6,Overcast ,16,ENE,0,673,10/03/2024 00:45,10/03/2024 00:00,12:00 am
Dublin,7,Partly cloudy,21,ENE,0,675,10/03/2024 01:15,10/03/2024 00:00,1:00 am
Dublin,7,Overcast,14,ENE,0,677,10/03/2024 01:45,10/03/2024 00:00,1:00 am
Dublin,7,Partly cloudy,17,ENE,0,679,10/03/2024 02:15,10/03/2024 00:00,2:00 am
Dublin,7,Partly cloudy,17,ENE,0,681,10/03/2024 02:45,10/03/2024 00:00,2:00 am
Dublin,7,Partly cloudy,15,ENE,0,683,10/03/2024 03:15,10/03/2024 00:00,3:00 am
Dublin,7,Overcast,12,ENE,0,685,10/03/2024 03:45,10/03/2024 00:00,3:00 am
Dublin,7,Light rain,14,NE,0,687,10/03/2024 04:15,10/03/2024 00:00,4:00 am
Dublin,7,Light rain,14,NE,0,689,10/03/2024 04:45,10/03/2024 00:00,4:00 am
Dublin,7,Partly cloudy,15,NE,0,691,10/03/2024 05:15,10/03/2024 00:00,5:00 am
Dublin,6,Light rain,11,NE,0,693,10/03/2024 05:45,10/03/2024 00:00,5:00 am
Dublin,7,Mist,17,NE,0,695,10/03/2024 06:15,10/03/2024 00:00,6:00 am
Dublin,6,Light drizzle,9,NE,0,697,10/03/2024 06:45,10/03/2024 00:00,6:00 am
Dublin,7,Light rain,14,NE,0,699,10/03/2024 07:15,10/03/2024 00:00,7:00 am
Dublin,7,Mist,12,NE,0,701,10/03/2024 07:45,10/03/2024 00:00,7:00 am
Dublin,7,Light rain,13,NE,0,703,10/03/2024 08:15,10/03/2024 00:00,8:00 am
Dublin,7,Light rain,14,NE,0,705,10/03/2024 08:45,10/03/2024 00:00,8:00 am
Dublin,7,Light rain,13,NE,0,707,10/03/2024 09:15,10/03/2024 00:00,9:00 am
Dublin,7,Light drizzle,11,NE,0,709,10/03/2024 09:45,10/03/2024 00:00,9:00 am
Dublin,7,Light drizzle,13,NE,0,711,10/03/2024 10:15,10/03/2024 00:00,10:00 am
Dublin,7,Light drizzle,15,NE,0,713,10/03/2024 10:45,10/03/2024 00:00,10:00 am
Dublin,7,Light rain,13,NE,0,715,10/03/2024 11:15,10/03/2024 00:00,11:00 am
Dublin,7,Light rain,13,NE,0,717,10/03/2024 11:45,10/03/2024 00:00,11:00 am
Dublin,7,Light rain,14,NE,0,719,10/03/2024 12:15,10/03/2024 00:00,12:00 pm
Dublin,7,Light rain,14,NE,0,721,10/03/2024 12:45,10/03/2024 00:00,12:00 pm
Dublin,7,Light rain,12,NE,0,723,10/03/2024 13:15,10/03/2024 00:00,1:00 pm
Dublin,7,Light rain,8,NE,0,725,10/03/2024 13:45,10/03/2024 00:00,1:00 pm
Dublin,8,Light rain,9,NE,0,727,10/03/2024 14:15,10/03/2024 00:00,2:00 pm
Dublin,8,Light rain,13,E,0,729,10/03/2024 14:45,10/03/2024 00:00,2:00 pm
Dublin,8,Light rain,14,E,0,731,10/03/2024 15:15,10/03/2024 00:00,3:00 pm
Dublin,8,Light rain,12,E,0,733,10/03/2024 15:45,10/03/2024 00:00,3:00 pm
Dublin,8,Partly cloudy,14,E,0,735,10/03/2024 16:15,10/03/2024 00:00,4:00 pm
Dublin,8,Partly cloudy,12,E,0,737,10/03/2024 17:00,10/03/2024 00:00,5:00 pm
Dublin,8,Partly cloudy,13,ENE,0,739,10/03/2024 17:15,10/03/2024 00:00,5:00 pm
Dublin,8,Partly cloudy,13,ENE,0,741,10/03/2024 17:45,10/03/2024 00:00,5:00 pm
Dublin,8,Partly cloudy,13,E,0,743,10/03/2024 18:15,10/03/2024 00:00,6:00 pm
Dublin,8,Partly cloudy,13,E,0,745,10/03/2024 18:45,10/03/2024 00:00,6:00 pm
Dublin,8,Partly cloudy,12,E,0,747,10/03/2024 19:15,10/03/2024 00:00,7:00 pm
Dublin,8,Overcast,9,ENE,0,749,10/03/2024 19:45,10/03/2024 00:00,7:00 pm
Dublin,7,Partly cloudy,13,E,0,751,10/03/2024 20:15,10/03/2024 00:00,8:00 pm
Dublin,7,Overcast,7,E,0,753,10/03/2024 20:45,10/03/2024 00:00,8:00 pm
Dublin,7,Light rain,14,E,0,755,10/03/2024 21:15,10/03/2024 00:00,9:00 pm
Dublin,7,Light rain,13,E,0,757,10/03/2024 21:45,10/03/2024 00:00,9:00 pm
Dublin,7,Partly cloudy,12,E,0,759,10/03/2024 22:15,10/03/2024 00:00,10:00 pm
Dublin,7,Partly cloudy,11,ENE,0,761,10/03/2024 22:45,10/03/2024 00:00,10:00 pm
Dublin,7,Mist,11,ENE,0,763,10/03/2024 23:15,10/03/2024 00:00,11:00 pm
Dublin,7,Mist,12,E,0,765,10/03/2024 23:45,10/03/2024 00:00,11:00 pm
Dublin,7,Light drizzle,8,E,0,767,11/03/2024 00:15,11/03/2024 00:00,12:00 am
Dublin,6,Mist,6,E,0,769,11/03/2024 00:45,11/03/2024 00:00,12:00 am
Dublin,7,Light rain,11,ENE,0,771,11/03/2024 01:15,11/03/2024 00:00,1:00 am
Dublin,7,Light rain,11,E,0,773,11/03/2024 01:45,11/03/2024 00:00,1:00 am
Dublin,7,Partly cloudy,11,ENE,0,775,11/03/2024 02:15,11/03/2024 00:00,2:00 am
Dublin,7,Partly cloudy,9,ENE,0,777,11/03/2024 02:45,11/03/2024 00:00,2:00 am
Dublin,7,Partly cloudy,9,ENE,0,779,11/03/2024 03:15,11/03/2024 00:00,3:00 am
Dublin,7,Light rain,6,ENE,0,781,11/03/2024 03:45,11/03/2024 00:00,3:00 am
Dublin,7,Light drizzle,6,ENE,0,783,11/03/2024 04:15,11/03/2024 00:00,4:00 am
Dublin,6,Light drizzle,6,ENE,0,785,11/03/2024 04:45,11/03/2024 00:00,4:00 am
Dublin,6,Light drizzle,7,NE,0,787,11/03/2024 05:15,11/03/2024 00:00,5:00 am
Dublin,6,Light drizzle,4,ENE,0,789,11/03/2024 05:45,11/03/2024 00:00,5:00 am
Dublin,6,Mist,4,ENE,0,791,11/03/2024 06:15,11/03/2024 00:00,6:00 am
Dublin,6,Light drizzle,4,NE,0,793,11/03/2024 06:45,11/03/2024 00:00,6:00 am
Dublin,6,Mist,7,E,0,795,11/03/2024 07:15,11/03/2024 00:00,7:00 am
Dublin,6,Mist,6,E,0,797,11/03/2024 07:45,11/03/2024 00:00,7:00 am
Dublin,6,Light drizzle,4,E,0,799,11/03/2024 08:15,11/03/2024 00:00,8:00 am
Dublin,7,Light drizzle,7,E,0,801,11/03/2024 08:45,11/03/2024 00:00,8:00 am
Dublin,7,Light drizzle,7,E,0,803,11/03/2024 09:15,11/03/2024 00:00,9:00 am
Dublin,7,Overcast,4,E,0,805,11/03/2024 09:45,11/03/2024 00:00,9:00 am
Dublin,7,Partly cloudy,4,E,0,807,11/03/2024 10:15,11/03/2024 00:00,10:00 am
Dublin,7,Partly cloudy,4,E,0,809,11/03/2024 10:45,11/03/2024 00:00,10:00 am
Dublin,7,Partly cloudy,4,E,0,811,11/03/2024 11:15,11/03/2024 00:00,11:00 am
Dublin,8,Partly cloudy,4,ENE,0,813,11/03/2024 11:45,11/03/2024 00:00,11:00 am
Dublin,8,Partly cloudy,6,E,0,815,11/03/2024 12:15,11/03/2024 00:00,12:00 pm
Dublin,8,Partly cloudy,2,ESE,0,817,11/03/2024 12:45,11/03/2024 00:00,12:00 pm
Dublin,8,Light rain,4,ESE,0,819,11/03/2024 13:15,11/03/2024 00:00,1:00 pm
Dublin,8,Partly cloudy,2,ESE,0,821,11/03/2024 14:00,11/03/2024 00:00,2:00 pm
Dublin,8,Partly cloudy,4,SSE,0,823,11/03/2024 14:15,11/03/2024 00:00,2:00 pm
Dublin,8,Partly cloudy,4,SSE,0,825,11/03/2024 14:45,11/03/2024 00:00,2:00 pm
Dublin,8,Partly cloudy,4,SSE,0,827,11/03/2024 15:15,11/03/2024 00:00,3:00 pm
Dublin,8,Partly cloudy,2,E,0,829,11/03/2024 16:00,11/03/2024 00:00,4:00 pm
Dublin,8,Partly cloudy,2,E,0,831,11/03/2024 16:15,11/03/2024 00:00,4:00 pm
Dublin,9,Partly cloudy,4,ESE,0,833,11/03/2024 16:45,11/03/2024 00:00,4:00 pm
Dublin,9,Partly cloudy,4,SE,0,835,11/03/2024 17:15,11/03/2024 00:00,5:00 pm
Dublin,8,Partly cloudy,4,SE,0,837,11/03/2024 17:45,11/03/2024 00:00,5:00 pm
Dublin,8,Partly cloudy,4,SE,0,839,11/03/2024 18:30,11/03/2024 00:00,6:00 pm
Dublin,8,Partly cloudy,4,ESE,0,841,11/03/2024 18:45,11/03/2024 00:00,6:00 pm
Dublin,8,Partly cloudy,4,SE,0,843,11/03/2024 19:15,11/03/2024 00:00,7:00 pm
Dublin,8,Partly cloudy,6,SSE,0,845,11/03/2024 19:45,11/03/2024 00:00,7:00 pm
Dublin,8,Partly cloudy,4,SE,0,847,11/03/2024 20:15,11/03/2024 00:00,8:00 pm
Dublin,8,Partly cloudy,6,SSE,0,849,11/03/2024 20:45,11/03/2024 00:00,8:00 pm
Dublin,8,Light rain,2,SSE,0,851,11/03/2024 21:30,11/03/2024 00:00,9:00 pm
Dublin,8,Light rain,4,SE,0,853,11/03/2024 21:45,11/03/2024 00:00,9:00 pm
Dublin,7,Light rain,8,SE,0,855,11/03/2024 22:15,11/03/2024 00:00,10:00 pm
Dublin,7,Light rain,14,SSE,0,857,11/03/2024 22:45,11/03/2024 00:00,10:00 pm
Dublin,7,Light rain,14,SSE,1,859,11/03/2024 23:15,11/03/2024 00:00,11:00 pm
Dublin,7,Light rain,6,SSE,1,861,11/03/2024 23:45,11/03/2024 00:00,11:00 pm
Dublin,6,Moderate rain,13,SE,4,863,12/03/2024 00:15,12/03/2024 00:00,12:00 am
Dublin,6,Moderate rain,13,SE,4,865,12/03/2024 00:45,12/03/2024 00:00,12:00 am
Dublin,6,Moderate rain,13,SE,4,867,12/03/2024 01:15,12/03/2024 00:00,1:00 am
Dublin,7,Light rain,17,SE,2,869,12/03/2024 02:00,12/03/2024 00:00,2:00 am
Dublin,7,Light rain,17,SE,2,871,12/03/2024 02:15,12/03/2024 00:00,2:00 am
Dublin,7,Light rain,16,SSE,2,873,12/03/2024 03:00,12/03/2024 00:00,3:00 am
Dublin,7,Light rain,16,SSE,2,875,12/03/2024 03:15,12/03/2024 00:00,3:00 am
Dublin,7,Light rain,16,SSE,2,877,12/03/2024 03:45,12/03/2024 00:00,3:00 am
Dublin,8,Light drizzle,13,SSE,0,879,12/03/2024 04:15,12/03/2024 00:00,4:00 am
Dublin,8,Light drizzle,13,SSE,0,881,12/03/2024 04:45,12/03/2024 00:00,4:00 am
Dublin,8,Light drizzle,9,S,0,883,12/03/2024 05:15,12/03/2024 00:00,5:00 am
Dublin,8,Light drizzle,9,S,0,885,12/03/2024 05:45,12/03/2024 00:00,5:00 am
Dublin,9,Partly cloudy,9,WSW,0,887,12/03/2024 06:30,12/03/2024 00:00,6:00 am
Dublin,9,Partly cloudy,11,WSW,0,889,12/03/2024 06:45,12/03/2024 00:00,6:00 am
Dublin,9,Partly cloudy,8,WSW,0,891,12/03/2024 07:15,12/03/2024 00:00,7:00 am
Dublin,9,Overcast,14,WSW,0,893,12/03/2024 07:45,12/03/2024 00:00,7:00 am
Dublin,9,Light rain,11,SW,0,895,12/03/2024 08:15,12/03/2024 00:00,8:00 am
Dublin,9,Light rain,8,SW,0,897,12/03/2024 08:45,12/03/2024 00:00,8:00 am
Dublin,10,Partly cloudy,19,WSW,0,899,12/03/2024 09:15,12/03/2024 00:00,9:00 am
Dublin,10,Partly cloudy,19,WSW,0,901,12/03/2024 09:45,12/03/2024 00:00,9:00 am
Dublin,11,Partly cloudy,9,SW,0,903,12/03/2024 10:30,12/03/2024 00:00,10:00 am
Dublin,11,Partly cloudy,9,SW,0,905,12/03/2024 10:45,12/03/2024 00:00,10:00 am
Dublin,12,Partly cloudy,11,SW,0,907,12/03/2024 11:15,12/03/2024 00:00,11:00 am
Dublin,12,Partly cloudy,11,WSW,0,909,12/03/2024 12:00,12/03/2024 00:00,12:00 pm
Dublin,12,Partly cloudy,9,SW,0,911,12/03/2024 12:15,12/03/2024 00:00,12:00 pm
Dublin,12,Partly cloudy,9,WSW,0,913,12/03/2024 12:45,12/03/2024 00:00,12:00 pm
Dublin,12,Light rain,11,WSW,0,915,12/03/2024 13:15,12/03/2024 00:00,1:00 pm
Dublin,12,Light rain,8,SW,0,917,12/03/2024 13:45,12/03/2024 00:00,1:00 pm
Dublin,12,Light rain,4,SW,0,919,12/03/2024 14:15,12/03/2024 00:00,2:00 pm
Dublin,12,Light rain,6,SW,0,921,12/03/2024 14:45,12/03/2024 00:00,2:00 pm
Dublin,13,Light rain,4,SW,0,923,12/03/2024 15:15,12/03/2024 00:00,3:00 pm
Dublin,13,Light rain,7,SW,0,925,12/03/2024 15:45,12/03/2024 00:00,3:00 pm
Dublin,14,Partly cloudy,8,SW,0,927,12/03/2024 16:15,12/03/2024 00:00,4:00 pm
Dublin,14,Partly cloudy,11,SW,0,929,12/03/2024 16:45,12/03/2024 00:00,4:00 pm
Dublin,14,Partly cloudy,11,SW,0,931,12/03/2024 17:15,12/03/2024 00:00,5:00 pm
Dublin,14,Partly cloudy,16,SW,0,933,12/03/2024 17:45,12/03/2024 00:00,5:00 pm
Dublin,14,Partly cloudy,11,SW,0,935,12/03/2024 18:15,12/03/2024 00:00,6:00 pm
Dublin,14,Partly cloudy,13,SW,0,937,12/03/2024 18:45,12/03/2024 00:00,6:00 pm
Dublin,13,Partly cloudy,14,SW,0,939,12/03/2024 19:15,12/03/2024 00:00,7:00 pm
Dublin,13,Partly cloudy,14,SSW,0,941,12/03/2024 19:45,12/03/2024 00:00,7:00 pm
Dublin,12,Partly cloudy,21,SSW,0,943,12/03/2024 20:15,12/03/2024 00:00,8:00 pm
Dublin,12,Partly cloudy,21,SSW,0,945,12/03/2024 21:00,12/03/2024 00:00,9:00 pm
Dublin,12,Partly cloudy,21,SSW,0,947,12/03/2024 21:15,12/03/2024 00:00,9:00 pm
Dublin,12,Partly cloudy,21,SSW,0,949,12/03/2024 21:45,12/03/2024 00:00,9:00 pm
Dublin,12,Partly cloudy,19,SSW,0,951,12/03/2024 22:30,12/03/2024 00:00,10:00 pm
Dublin,12,Partly cloudy,17,SSW,0,953,12/03/2024 22:45,12/03/2024 00:00,10:00 pm
Dublin,12,Partly cloudy,17,SSW,0,955,12/03/2024 23:15,12/03/2024 00:00,11:00 pm
Dublin,12,Partly cloudy,17,SSW,0,957,12/03/2024 23:45,12/03/2024 00:00,11:00 pm
Dublin,12,Partly cloudy,17,SSW,0,959,13/03/2024 00:15,13/03/2024 00:00,12:00 am
Dublin,12,Overcast ,18,SSW,0,961,13/03/2024 00:45,13/03/2024 00:00,12:00 am
Dublin,12,Partly cloudy,17,SSW,0,963,13/03/2024 01:15,13/03/2024 00:00,1:00 am
Dublin,12,Light rain,17,SSW,0,965,13/03/2024 02:00,13/03/2024 00:00,2:00 am
Dublin,12,Light rain,19,SSW,0,967,13/03/2024 02:15,13/03/2024 00:00,2:00 am
Dublin,12,Partly cloudy,24,SSW,0,969,13/03/2024 02:45,13/03/2024 00:00,2:00 am
Dublin,12,Partly cloudy,26,SSW,0,971,13/03/2024 03:15,13/03/2024 00:00,3:00 am
Dublin,12,Partly cloudy,19,SSW,0,973,13/03/2024 03:45,13/03/2024 00:00,3:00 am
Dublin,12,Light rain,19,SSW,0,975,13/03/2024 04:15,13/03/2024 00:00,4:00 am
Dublin,12,Light rain,19,SSW,0,977,13/03/2024 04:45,13/03/2024 00:00,4:00 am
Dublin,12,Partly cloudy,19,SSW,0,979,13/03/2024 05:15,13/03/2024 00:00,5:00 am
Dublin,12,Partly cloudy,19,SSW,0,981,13/03/2024 05:45,13/03/2024 00:00,5:00 am
Dublin,12,Partly cloudy,17,SSW,0,983,13/03/2024 06:15,13/03/2024 00:00,6:00 am
Dublin,12,Partly cloudy,17,SSW,0,985,13/03/2024 06:45,13/03/2024 00:00,6:00 am
Dublin,12,Partly cloudy,16,SW,0,987,13/03/2024 07:15,13/03/2024 00:00,7:00 am
Dublin,12,Partly cloudy,17,SSW,0,989,13/03/2024 07:45,13/03/2024 00:00,7:00 am
Dublin,12,Partly cloudy,17,SW,0,991,13/03/2024 08:15,13/03/2024 00:00,8:00 am
Dublin,12,Partly cloudy,17,SW,0,993,13/03/2024 09:00,13/03/2024 00:00,9:00 am
Dublin,10,Light rain,13,W,0,995,13/03/2024 09:15,13/03/2024 00:00,9:00 am
Dublin,9,Light rain,13,W,0,997,13/03/2024 09:45,13/03/2024 00:00,9:00 am
Dublin,9,Light rain,14,W,0,999,13/03/2024 10:15,13/03/2024 00:00,10:00 am
Dublin,10,Light rain,12,W,0,1001,13/03/2024 10:45,13/03/2024 00:00,10:00 am
Dublin,10,Light rain,13,W,0,1003,13/03/2024 11:15,13/03/2024 00:00,11:00 am
Dublin,10,Light rain,15,W,1,1005,13/03/2024 12:00,13/03/2024 00:00,12:00 pm
Dublin,11,Light rain,14,W,1,1007,13/03/2024 12:15,13/03/2024 00:00,12:00 pm
Dublin,10,Light rain,13,W,1,1009,13/03/2024 12:45,13/03/2024 00:00,12:00 pm
Dublin,10,Light rain,13,W,0,1011,13/03/2024 13:15,13/03/2024 00:00,1:00 pm
Dublin,10,Light rain,11,W,0,1013,13/03/2024 13:45,13/03/2024 00:00,1:00 pm
Dublin,10,Light rain,9,W,1,1015,13/03/2024 14:15,13/03/2024 00:00,2:00 pm
Dublin,10,Light rain,13,W,1,1017,13/03/2024 14:45,13/03/2024 00:00,2:00 pm
Dublin,9,Light rain,9,W,0,1019,13/03/2024 15:15,13/03/2024 00:00,3:00 pm
Dublin,9,Light rain,9,W,0,1021,13/03/2024 15:45,13/03/2024 00:00,3:00 pm
Dublin,9,Light rain,11,W,1,1023,13/03/2024 16:15,13/03/2024 00:00,4:00 pm
Dublin,8,Light rain,11,W,0,1025,13/03/2024 17:00,13/03/2024 00:00,5:00 pm
Dublin,8,Light rain,12,W,0,1027,13/03/2024 17:15,13/03/2024 00:00,5:00 pm
Dublin,8,Light rain,11,W,0,1029,13/03/2024 17:45,13/03/2024 00:00,5:00 pm
Dublin,8,Light rain,7,W,0,1031,13/03/2024 18:15,13/03/2024 00:00,6:00 pm
Dublin,8,Light rain,7,W,0,1033,13/03/2024 19:00,13/03/2024 00:00,7:00 pm
Dublin,8,Light rain,4,WSW,0,1035,13/03/2024 19:15,13/03/2024 00:00,7:00 pm
Dublin,8,Light rain,6,W,0,1037,13/03/2024 19:45,13/03/2024 00:00,7:00 pm
Dublin,8,Light rain,2,SW,0,1039,13/03/2024 20:15,13/03/2024 00:00,8:00 pm
Dublin,8,Light rain,2,N,0,1041,13/03/2024 20:45,13/03/2024 00:00,8:00 pm
Dublin,8,Light rain,2,SSE,0,1043,13/03/2024 21:30,13/03/2024 00:00,9:00 pm
Dublin,8,Light rain,2,SSE,0,1045,13/03/2024 21:45,13/03/2024 00:00,9:00 pm
Dublin,8,Light rain,6,ESE,1,1047,13/03/2024 22:15,13/03/2024 00:00,10:00 pm
Dublin,8,Light drizzle,4,SE,1,1049,13/03/2024 22:45,13/03/2024 00:00,10:00 pm
Dublin,8,Light rain,6,E,0,1051,13/03/2024 23:15,13/03/2024 00:00,11:00 pm
Dublin,8,Light drizzle,9,E,0,1053,13/03/2024 23:45,13/03/2024 00:00,11:00 pm
Dublin,8,Light rain,6,E,0,1055,14/03/2024 00:15,14/03/2024 00:00,12:00 am
Dublin,8,Light drizzle,5,E,0,1057,14/03/2024 00:45,14/03/2024 00:00,12:00 am
Dublin,8,Light rain,7,E,0,1059,14/03/2024 01:15,14/03/2024 00:00,1:00 am
Dublin,8,Light rain,7,E,0,1061,14/03/2024 01:45,14/03/2024 00:00,1:00 am
Dublin,8,Light rain,7,ENE,0,1063,14/03/2024 02:15,14/03/2024 00:00,2:00 am
Dublin,8,Light rain,7,ENE,0,1065,14/03/2024 02:45,14/03/2024 00:00,2:00 am
Dublin,11,Light rain,12,SSW,0,1067,14/03/2024 03:15,14/03/2024 00:00,3:00 am
Dublin,11,Light rain,12,SSW,0,1069,14/03/2024 03:45,14/03/2024 00:00,3:00 am
Dublin,11,Light rain,14,SSW,0,1071,14/03/2024 04:30,14/03/2024 00:00,4:00 am
Dublin,9,Light rain,7,SE,0,1073,14/03/2024 04:45,14/03/2024 00:00,4:00 am
Dublin,10,Light rain,6,S,1,1075,14/03/2024 05:15,14/03/2024 00:00,5:00 am
Dublin,11,Light rain,19,SSW,1,1077,14/03/2024 05:45,14/03/2024 00:00,5:00 am
Dublin,11,Light rain,15,SSW,1,1079,14/03/2024 06:15,14/03/2024 00:00,6:00 am
Dublin,11,Light rain,19,SSW,0,1081,14/03/2024 07:00,14/03/2024 00:00,7:00 am
Dublin,11,Light rain,14,SSW,0,1083,14/03/2024 07:15,14/03/2024 00:00,7:00 am
Dublin,11,Partly cloudy,13,SSW,0,1085,14/03/2024 07:45,14/03/2024 00:00,7:00 am
Dublin,11,Light rain,13,SSW,0,1087,14/03/2024 08:15,14/03/2024 00:00,8:00 am
Dublin,11,Light rain,12,SSW,0,1089,14/03/2024 08:45,14/03/2024 00:00,8:00 am
Dublin,11,Partly cloudy,23,SSW,0,1091,14/03/2024 09:15,14/03/2024 00:00,9:00 am
Dublin,11,Light rain,6,SSE,0,1093,14/03/2024 09:45,14/03/2024 00:00,9:00 am
Dublin,12,Partly cloudy,9,SSE,0,1095,14/03/2024 10:15,14/03/2024 00:00,10:00 am
Dublin,12,Partly cloudy,8,SE,0,1097,14/03/2024 10:45,14/03/2024 00:00,10:00 am
Dublin,12,Light rain,15,SSW,0,1099,14/03/2024 11:30,14/03/2024 00:00,11:00 am
Dublin,12,Light rain,15,SSW,0,1101,14/03/2024 11:45,14/03/2024 00:00,11:00 am
Dublin,12,Partly cloudy,19,SSW,0,1103,14/03/2024 12:30,14/03/2024 00:00,12:00 pm
Dublin,13,Partly cloudy,16,SSW,0,1105,14/03/2024 12:45,14/03/2024 00:00,12:00 pm
Dublin,13,Partly cloudy,19,SSW,0,1107,14/03/2024 13:15,14/03/2024 00:00,1:00 pm
Dublin,13,Partly cloudy,14,SW,0,1109,14/03/2024 13:45,14/03/2024 00:00,1:00 pm
Dublin,14,Partly cloudy,16,SSW,0,1111,14/03/2024 14:15,14/03/2024 00:00,2:00 pm
Dublin,14,Partly cloudy,16,SSW,0,1113,14/03/2024 14:45,14/03/2024 00:00,2:00 pm
Dublin,13,Partly cloudy,19,SSW,0,1115,14/03/2024 15:15,14/03/2024 00:00,3:00 pm
Dublin,13,Partly cloudy,19,SSW,0,1117,14/03/2024 15:45,14/03/2024 00:00,3:00 pm
Dublin,13,Partly cloudy,19,SSW,0,1119,14/03/2024 16:15,14/03/2024 00:00,4:00 pm
Dublin,14,Partly cloudy,15,SSW,0,1121,14/03/2024 16:45,14/03/2024 00:00,4:00 pm
Dublin,13,Partly cloudy,19,SSW,0,1123,14/03/2024 17:15,14/03/2024 00:00,5:00 pm
Dublin,13,Partly cloudy,15,SSW,0,1125,14/03/2024 18:00,14/03/2024 00:00,6:00 pm
Dublin,12,Light rain,15,SSW,0,1127,14/03/2024 18:30,14/03/2024 00:00,6:00 pm
Dublin,12,Partly cloudy,13,SSW,0,1129,14/03/2024 18:45,14/03/2024 00:00,6:00 pm
Dublin,12,Partly cloudy,17,SSW,0,1131,14/03/2024 19:15,14/03/2024 00:00,7:00 pm
Dublin,11,Partly cloudy,14,SSW,0,1133,14/03/2024 19:45,14/03/2024 00:00,7:00 pm
Dublin,11,Partly cloudy,13,SSW,0,1135,14/03/2024 20:15,14/03/2024 00:00,8:00 pm
Dublin,11,Partly cloudy,14,SSW,0,1137,14/03/2024 20:45,14/03/2024 00:00,8:00 pm
Dublin,11,Partly cloudy,19,SSW,3,1139,14/03/2024 21:15,14/03/2024 00:00,9:00 pm
Dublin,11,Partly cloudy,19,SSW,3,1141,14/03/2024 21:45,14/03/2024 00:00,9:00 pm
Dublin,10,Light rain,22,SW,1,1143,14/03/2024 22:15,14/03/2024 00:00,10:00 pm
Dublin,10,Light rain,17,SSW,1,1145,14/03/2024 22:45,14/03/2024 00:00,10:00 pm
Dublin,11,Partly cloudy,15,SSW,0,1147,14/03/2024 23:15,14/03/2024 00:00,11:00 pm
Dublin,11,Partly cloudy,16,SW,0,1149,14/03/2024 23:45,14/03/2024 00:00,11:00 pm
Dublin,11,Partly cloudy,16,SW,0,1151,15/03/2024 00:15,15/03/2024 00:00,12:00 am
Dublin,10,Light drizzle,17,SW,0,1153,15/03/2024 00:45,15/03/2024 00:00,12:00 am
Dublin,10,Partly cloudy,13,SW,0,1155,15/03/2024 01:15,15/03/2024 00:00,1:00 am
Dublin,10,Partly cloudy,23,SW,0,1157,15/03/2024 01:45,15/03/2024 00:00,1:00 am
Dublin,10,Partly cloudy,15,WSW,0,1159,15/03/2024 02:15,15/03/2024 00:00,2:00 am
Dublin,10,Partly cloudy,19,WSW,0,1161,15/03/2024 02:45,15/03/2024 00:00,2:00 am
Dublin,10,Partly cloudy,24,WSW,1,1163,15/03/2024 03:15,15/03/2024 00:00,3:00 am
Dublin,10,Partly cloudy,14,WSW,1,1165,15/03/2024 03:45,15/03/2024 00:00,3:00 am
Dublin,9,Partly cloudy,15,WSW,1,1167,15/03/2024 04:15,15/03/2024 00:00,4:00 am
Dublin,9,Partly cloudy,16,WSW,1,1169,15/03/2024 04:45,15/03/2024 00:00,4:00 am
Dublin,9,Partly cloudy,16,WSW,0,1171,15/03/2024 05:15,15/03/2024 00:00,5:00 am
Dublin,9,Partly cloudy,14,WSW,0,1173,15/03/2024 05:45,15/03/2024 00:00,5:00 am
Dublin,9,Partly cloudy,12,WSW,0,1175,15/03/2024 06:15,15/03/2024 00:00,6:00 am
Dublin,9,Partly cloudy,16,WSW,0,1177,15/03/2024 06:45,15/03/2024 00:00,6:00 am
Dublin,8,Partly cloudy,16,WSW,0,1179,15/03/2024 07:30,15/03/2024 00:00,7:00 am
Dublin,8,Partly cloudy,16,WSW,0,1181,15/03/2024 07:45,15/03/2024 00:00,7:00 am
Dublin,8,Light rain,12,WSW,0,1183,15/03/2024 08:15,15/03/2024 00:00,8:00 am
Dublin,8,Light drizzle,16,W,0,1185,15/03/2024 08:45,15/03/2024 00:00,8:00 am
Dublin,8,Light rain,15,NW,0,1187,15/03/2024 09:15,15/03/2024 00:00,9:00 am
Dublin,8,Partly cloudy,15,NW,0,1189,15/03/2024 09:45,15/03/2024 00:00,9:00 am
Dublin,8,Partly cloudy,15,NW,0,1191,15/03/2024 10:15,15/03/2024 00:00,10:00 am
Dublin,9,Partly cloudy,16,NW,0,1193,15/03/2024 10:45,15/03/2024 00:00,10:00 am
Dublin,9,Partly cloudy,17,NW,0,1195,15/03/2024 11:15,15/03/2024 00:00,11:00 am
Dublin,9,Partly cloudy,14,NW,0,1197,15/03/2024 11:45,15/03/2024 00:00,11:00 am
Dublin,9,Partly cloudy,13,NW,0,1199,15/03/2024 12:15,15/03/2024 00:00,12:00 pm
Dublin,9,Partly cloudy,19,NW,0,1201,15/03/2024 12:45,15/03/2024 00:00,12:00 pm
Dublin,10,Partly cloudy,21,NW,0,1203,15/03/2024 13:15,15/03/2024 00:00,1:00 pm
Dublin,10,Partly cloudy,19,NW,0,1205,15/03/2024 13:45,15/03/2024 00:00,1:00 pm
Dublin,11,Partly cloudy,19,NW,0,1207,15/03/2024 14:30,15/03/2024 00:00,2:00 pm
Dublin,11,Partly cloudy,14,WNW,0,1209,15/03/2024 14:45,15/03/2024 00:00,2:00 pm
Dublin,11,Partly cloudy,19,NW,0,1211,15/03/2024 15:15,15/03/2024 00:00,3:00 pm
Dublin,11,Partly cloudy,14,NW,0,1213,15/03/2024 15:45,15/03/2024 00:00,3:00 pm
Dublin,10,Partly cloudy,16,NW,0,1215,15/03/2024 16:15,15/03/2024 00:00,4:00 pm
Dublin,10,Partly cloudy,15,NW,0,1217,15/03/2024 16:45,15/03/2024 00:00,4:00 pm
Dublin,10,Partly cloudy,13,WNW,0,1219,15/03/2024 17:15,15/03/2024 00:00,5:00 pm
Dublin,9,Partly cloudy,14,NW,0,1221,15/03/2024 17:45,15/03/2024 00:00,5:00 pm
Dublin,8,Partly cloudy,9,NW,0,1223,15/03/2024 18:15,15/03/2024 00:00,6:00 pm
Dublin,6,Partly cloudy,7,NW,0,1225,15/03/2024 18:45,15/03/2024 00:00,6:00 pm
Dublin,5,Partly cloudy,6,W,0,1227,15/03/2024 19:15,15/03/2024 00:00,7:00 pm
Dublin,5,Partly cloudy,7,NW,0,1229,15/03/2024 19:45,15/03/2024 00:00,7:00 pm
Dublin,3,Partly cloudy,6,WNW,0,1231,15/03/2024 20:15,15/03/2024 00:00,8:00 pm
Dublin,3,Partly cloudy,7,NW,0,1233,15/03/2024 20:45,15/03/2024 00:00,8:00 pm
Dublin,2,Clear,7,NW,0,1235,15/03/2024 21:15,15/03/2024 00:00,9:00 pm
Dublin,2,Clear,8,NW,0,1237,15/03/2024 21:45,15/03/2024 00:00,9:00 pm
Dublin,2,Clear,4,NNW,0,1239,15/03/2024 22:15,15/03/2024 00:00,10:00 pm
Dublin,2,Clear,7,NW,0,1241,15/03/2024 22:45,15/03/2024 00:00,10:00 pm
Dublin,1,Clear,2,W,0,1243,15/03/2024 23:15,15/03/2024 00:00,11:00 pm
Dublin,2,Clear,3,S,0,1245,15/03/2024 23:45,15/03/2024 00:00,11:00 pm
Dublin,2,Clear,3,S,0,1247,16/03/2024 00:15,16/03/2024 00:00,12:00 am
Dublin,2,Overcast ,3,SW,0,1249,16/03/2024 00:45,16/03/2024 00:00,12:00 am
Dublin,2,Clear,4,SE,0,1251,16/03/2024 01:15,16/03/2024 00:00,1:00 am
Dublin,2,Clear,4,SE,0,1253,16/03/2024 02:00,16/03/2024 00:00,2:00 am
Dublin,3,Clear,7,ESE,0,1255,16/03/2024 02:15,16/03/2024 00:00,2:00 am
Dublin,3,Clear,7,ESE,0,1257,16/03/2024 02:45,16/03/2024 00:00,2:00 am
Dublin,3,Clear,4,ENE,0,1259,16/03/2024 03:15,16/03/2024 00:00,3:00 am
Dublin,3,Clear,4,ENE,0,1261,16/03/2024 03:45,16/03/2024 00:00,3:00 am
Dublin,3,Partly cloudy,4,SE,0,1263,16/03/2024 04:15,16/03/2024 00:00,4:00 am
Dublin,3,Clear,4,E,0,1265,16/03/2024 04:45,16/03/2024 00:00,4:00 am
Dublin,5,Partly cloudy,7,SSE,0,1267,16/03/2024 05:30,16/03/2024 00:00,5:00 am
Dublin,5,Partly cloudy,6,SE,0,1269,16/03/2024 05:45,16/03/2024 00:00,5:00 am
Dublin,5,Partly cloudy,6,SE,0,1271,16/03/2024 06:15,16/03/2024 00:00,6:00 am
Dublin,5,Partly cloudy,7,SE,0,1273,16/03/2024 06:45,16/03/2024 00:00,6:00 am
Dublin,6,Partly cloudy,8,SE,0,1275,16/03/2024 07:15,16/03/2024 00:00,7:00 am
Dublin,7,Partly cloudy,7,SE,0,1277,16/03/2024 07:45,16/03/2024 00:00,7:00 am
Dublin,7,Partly cloudy,8,SE,0,1279,16/03/2024 08:15,16/03/2024 00:00,8:00 am
Dublin,8,Light rain,11,SE,0,1281,16/03/2024 08:45,16/03/2024 00:00,8:00 am
Dublin,8,Light rain,13,SSE,0,1283,16/03/2024 09:15,16/03/2024 00:00,9:00 am
Dublin,8,Light rain,14,SE,0,1285,16/03/2024 09:45,16/03/2024 00:00,9:00 am
Dublin,9,Partly cloudy,2,SSE,0,1287,16/03/2024 10:15,16/03/2024 00:00,10:00 am
Dublin,9,Partly cloudy,2,SSE,0,1289,16/03/2024 10:45,16/03/2024 00:00,10:00 am
Dublin,9,Partly cloudy,17,SSE,0,1291,16/03/2024 11:15,16/03/2024 00:00,11:00 am
Dublin,8,Partly cloudy,19,SE,0,1293,16/03/2024 11:45,16/03/2024 00:00,11:00 am
Dublin,8,Light drizzle,19,SE,0,1295,16/03/2024 12:15,16/03/2024 00:00,12:00 pm
Dublin,9,Light drizzle,19,SE,0,1297,16/03/2024 12:45,16/03/2024 00:00,12:00 pm
Dublin,9,Light drizzle,17,SSE,0,1299,16/03/2024 13:15,16/03/2024 00:00,1:00 pm
Dublin,9,Light drizzle,17,SSE,0,1301,16/03/2024 13:45,16/03/2024 00:00,1:00 pm
Dublin,10,Mist,13,SE,2,1303,16/03/2024 14:15,16/03/2024 00:00,2:00 pm
Dublin,10,Light rain,13,SE,2,1305,16/03/2024 14:45,16/03/2024 00:00,2:00 pm
Dublin,10,Partly cloudy,13,SE,3,1307,16/03/2024 15:15,16/03/2024 00:00,3:00 pm
Dublin,11,Partly cloudy,11,SE,3,1309,16/03/2024 15:45,16/03/2024 00:00,3:00 pm
Dublin,11,Partly cloudy,8,SE,0,1311,16/03/2024 16:15,16/03/2024 00:00,4:00 pm
Dublin,12,Light rain,9,SSE,0,1313,16/03/2024 16:45,16/03/2024 00:00,4:00 pm
Dublin,12,Light rain,6,SE,0,1315,16/03/2024 17:15,16/03/2024 00:00,5:00 pm
Dublin,13,Light rain,4,SSE,0,1317,16/03/2024 17:45,16/03/2024 00:00,5:00 pm
Dublin,12,Partly cloudy,16,SSW,0,1319,16/03/2024 18:15,16/03/2024 00:00,6:00 pm
Dublin,12,Partly cloudy,16,SSW,0,1321,16/03/2024 18:45,16/03/2024 00:00,6:00 pm
Dublin,12,Partly cloudy,11,SSW,0,1323,16/03/2024 19:30,16/03/2024 00:00,7:00 pm
Dublin,12,Partly cloudy,15,SSW,0,1325,16/03/2024 19:45,16/03/2024 00:00,7:00 pm
Dublin,12,Partly cloudy,9,SW,0,1327,16/03/2024 20:15,16/03/2024 00:00,8:00 pm
Dublin,12,Partly cloudy,14,SW,0,1329,16/03/2024 20:45,16/03/2024 00:00,8:00 pm
Dublin,11,Partly cloudy,12,SSW,0,1331,16/03/2024 21:30,16/03/2024 00:00,9:00 pm
Dublin,11,Partly cloudy,8,SSW,0,1333,16/03/2024 21:45,16/03/2024 00:00,9:00 pm
Dublin,11,Partly cloudy,7,SSW,0,1335,16/03/2024 22:15,16/03/2024 00:00,10:00 pm
Dublin,11,Partly cloudy,7,SSW,0,1337,16/03/2024 22:45,16/03/2024 00:00,10:00 pm
Dublin,9,Mist,5,SSW,0,1339,16/03/2024 23:15,16/03/2024 00:00,11:00 pm
Dublin,10,Mist,4,SW,0,1341,17/03/2024 00:00,17/03/2024 00:00,12:00 am
Dublin,10,Mist,4,SW,0,1343,17/03/2024 00:15,17/03/2024 00:00,12:00 am
Dublin,10,Mist,4,SW,0,1345,17/03/2024 00:45,17/03/2024 00:00,12:00 am
Dublin,10,Mist,4,SW,0,1347,17/03/2024 01:15,17/03/2024 00:00,1:00 am
Dublin,10,Mist,4,SW,0,1349,17/03/2024 01:45,17/03/2024 00:00,1:00 am
Dublin,9,Mist,3,SSW,0,1351,17/03/2024 02:15,17/03/2024 00:00,2:00 am
Dublin,9,Mist,3,SSW,0,1353,17/03/2024 02:45,17/03/2024 00:00,2:00 am
Dublin,8,Mist,4,SSW,0,1355,17/03/2024 03:15,17/03/2024 00:00,3:00 am
Dublin,8,Mist,4,SSW,0,1357,17/03/2024 03:45,17/03/2024 00:00,3:00 am
Dublin,10,Mist,4,SW,0,1359,17/03/2024 04:15,17/03/2024 00:00,4:00 am
Dublin,7,Mist,4,SW,0,1361,17/03/2024 04:45,17/03/2024 00:00,4:00 am
Dublin,7,Mist,4,WSW,0,1363,17/03/2024 05:15,17/03/2024 00:00,5:00 am
Dublin,7,Mist,4,WSW,0,1365,17/03/2024 05:45,17/03/2024 00:00,5:00 am
Dublin,7,Mist,5,SW,0,1367,17/03/2024 06:15,17/03/2024 00:00,6:00 am
Dublin,7,Mist,5,SW,0,1369,17/03/2024 06:45,17/03/2024 00:00,6:00 am
Dublin,8,Mist,4,SW,0,1371,17/03/2024 07:15,17/03/2024 00:00,7:00 am
Dublin,9,Overcast ,3,S,0,1373,17/03/2024 08:00,17/03/2024 00:00,8:00 am
Dublin,9,Overcast ,3,S,0,1375,17/03/2024 08:30,17/03/2024 00:00,8:00 am
Dublin,9,Overcast ,3,S,0,1377,17/03/2024 08:45,17/03/2024 00:00,8:00 am
Dublin,9,Patchy rain nearby,4,SSE,0,1379,17/03/2024 09:15,17/03/2024 00:00,9:00 am
Dublin,9,Patchy rain nearby,4,SSE,0,1381,17/03/2024 09:45,17/03/2024 00:00,9:00 am
Dublin,10,Cloudy ,5,SE,0,1383,17/03/2024 10:30,17/03/2024 00:00,10:00 am
Dublin,10,Cloudy ,5,SE,0,1385,17/03/2024 10:45,17/03/2024 00:00,10:00 am
Dublin,11,Patchy rain nearby,5,SSE,0,1387,17/03/2024 11:30,17/03/2024 00:00,11:00 am
Dublin,11,Patchy rain nearby,5,SSE,0,1389,17/03/2024 11:45,17/03/2024 00:00,11:00 am
Dublin,12,Overcast ,7,SSE,0,1391,17/03/2024 12:15,17/03/2024 00:00,12:00 pm
Dublin,12,Overcast ,7,SSE,0,1393,17/03/2024 12:45,17/03/2024 00:00,12:00 pm
Dublin,10,Patchy rain nearby,8,SSE,0,1395,17/03/2024 13:15,17/03/2024 00:00,1:00 pm
Dublin,10,Patchy rain nearby,8,SSE,0,1397,17/03/2024 13:45,17/03/2024 00:00,1:00 pm
Dublin,11,Cloudy ,9,SSE,0,1399,17/03/2024 14:15,17/03/2024 00:00,2:00 pm
Dublin,11,Cloudy ,9,SSE,0,1401,17/03/2024 14:45,17/03/2024 00:00,2:00 pm
Dublin,11,Patchy rain nearby,9,SSE,0,1403,17/03/2024 15:15,17/03/2024 00:00,3:00 pm
Dublin,11,Patchy rain nearby,9,SSE,0,1405,17/03/2024 15:45,17/03/2024 00:00,3:00 pm
Dublin,11,Patchy rain nearby,7,S,0,1407,17/03/2024 16:15,17/03/2024 00:00,4:00 pm
Dublin,12,Partly cloudy,19,WSW,0,1409,17/03/2024 17:00,17/03/2024 00:00,5:00 pm
Dublin,12,Partly cloudy,21,WSW,0,1411,17/03/2024 17:15,17/03/2024 00:00,5:00 pm
Dublin,12,Partly cloudy,9,WSW,0,1413,17/03/2024 17:45,17/03/2024 00:00,5:00 pm
Dublin,11,Partly cloudy,14,WSW,0,1415,17/03/2024 18:15,17/03/2024 00:00,6:00 pm
Dublin,11,Partly cloudy,14,WSW,0,1417,17/03/2024 18:45,17/03/2024 00:00,6:00 pm
Dublin,9,Cloudy ,8,WSW,0,1419,17/03/2024 19:15,17/03/2024 00:00,7:00 pm
Dublin,9,Cloudy ,8,WSW,0,1421,17/03/2024 19:45,17/03/2024 00:00,7:00 pm
Dublin,10,Partly cloudy,6,S,0,1423,17/03/2024 20:15,17/03/2024 00:00,8:00 pm
Dublin,10,Partly cloudy,9,SSW,0,1425,17/03/2024 21:00,17/03/2024 00:00,9:00 pm
Dublin,10,Partly cloudy,9,SSW,0,1427,17/03/2024 21:15,17/03/2024 00:00,9:00 pm
Dublin,10,Partly cloudy,6,S,0,1429,17/03/2024 21:45,17/03/2024 00:00,9:00 pm
Dublin,9,Partly cloudy,9,S,0,1431,17/03/2024 22:15,17/03/2024 00:00,10:00 pm
Dublin,9,Partly cloudy,8,S,0,1433,17/03/2024 23:00,17/03/2024 00:00,11:00 pm
Dublin,9,Clear,16,SW,0,1435,17/03/2024 23:15,17/03/2024 00:00,11:00 pm
Dublin,9,Clear,16,SW,0,1437,17/03/2024 23:45,17/03/2024 00:00,11:00 pm
Dublin,9,Clear,16,SW,0,1439,18/03/2024 00:15,18/03/2024 00:00,12:00 am
Dublin,7,Partly Cloudy ,6,SSW,0,1441,18/03/2024 00:45,18/03/2024 00:00,12:00 am
Dublin,9,Partly cloudy,11,SSW,0,1443,18/03/2024 01:30,18/03/2024 00:00,1:00 am
Dublin,9,Partly cloudy,13,SW,0,1445,18/03/2024 01:45,18/03/2024 00:00,1:00 am
Dublin,8,Partly cloudy,14,SW,0,1447,18/03/2024 02:15,18/03/2024 00:00,2:00 am
Dublin,8,Partly cloudy,14,SW,0,1449,18/03/2024 02:45,18/03/2024 00:00,2:00 am
Dublin,8,Partly cloudy,13,SW,0,1451,18/03/2024 03:15,18/03/2024 00:00,3:00 am
Dublin,8,Partly cloudy,6,SW,0,1453,18/03/2024 03:45,18/03/2024 00:00,3:00 am
Dublin,7,Partly cloudy,11,SSW,0,1455,18/03/2024 04:15,18/03/2024 00:00,4:00 am
Dublin,7,Partly cloudy,11,SSW,0,1457,18/03/2024 04:45,18/03/2024 00:00,4:00 am
Dublin,7,Partly cloudy,6,SW,0,1459,18/03/2024 05:15,18/03/2024 00:00,5:00 am
Dublin,7,Partly cloudy,9,SW,0,1461,18/03/2024 05:45,18/03/2024 00:00,5:00 am
Dublin,7,Partly cloudy,6,SW,0,1463,18/03/2024 06:15,18/03/2024 00:00,6:00 am
Dublin,7,Partly cloudy,6,SW,0,1465,18/03/2024 06:45,18/03/2024 00:00,6:00 am
Dublin,7,Partly cloudy,6,SSW,0,1467,18/03/2024 07:15,18/03/2024 00:00,7:00 am
Dublin,7,Partly cloudy,12,SSW,0,1469,18/03/2024 07:45,18/03/2024 00:00,7:00 am
Dublin,8,Sunny,11,SSW,0,1471,18/03/2024 08:15,18/03/2024 00:00,8:00 am
Dublin,8,Sunny,11,SSW,0,1473,18/03/2024 08:45,18/03/2024 00:00,8:00 am
Dublin,10,Partly cloudy,9,S,0,1475,18/03/2024 09:15,18/03/2024 00:00,9:00 am
Dublin,9,Partly cloudy,9,SSW,0,1477,18/03/2024 09:45,18/03/2024 00:00,9:00 am
Dublin,11,Partly cloudy,11,SSE,0,1479,18/03/2024 10:15,18/03/2024 00:00,10:00 am
Dublin,11,Partly cloudy,13,S,0,1481,18/03/2024 10:45,18/03/2024 00:00,10:00 am
Dublin,12,Partly cloudy,15,S,0,1483,18/03/2024 11:15,18/03/2024 00:00,11:00 am
Dublin,11,Partly cloudy,13,SSW,0,1485,18/03/2024 11:45,18/03/2024 00:00,11:00 am
Dublin,12,Partly cloudy,7,SSE,0,1487,18/03/2024 12:15,18/03/2024 00:00,12:00 pm
Dublin,12,Partly cloudy,16,S,0,1489,18/03/2024 12:45,18/03/2024 00:00,12:00 pm
Dublin,12,Partly cloudy,17,SSW,0,1491,18/03/2024 13:15,18/03/2024 00:00,1:00 pm
Dublin,12,Partly cloudy,16,SSW,0,1493,18/03/2024 13:45,18/03/2024 00:00,1:00 pm
Dublin,12,Partly cloudy,19,SSW,0,1495,18/03/2024 14:15,18/03/2024 00:00,2:00 pm
Dublin,12,Partly cloudy,15,S,0,1497,18/03/2024 14:45,18/03/2024 00:00,2:00 pm
Dublin,12,Light rain,13,S,0,1499,18/03/2024 15:15,18/03/2024 00:00,3:00 pm
Dublin,12,Partly cloudy,12,S,0,1501,18/03/2024 15:45,18/03/2024 00:00,3:00 pm
Dublin,12,Partly cloudy,22,SSW,0,1503,18/03/2024 16:15,18/03/2024 00:00,4:00 pm
Dublin,12,Partly cloudy,14,S,0,1505,18/03/2024 16:45,18/03/2024 00:00,4:00 pm
Dublin,12,Partly cloudy,13,S,0,1507,18/03/2024 17:15,18/03/2024 00:00,5:00 pm
Dublin,12,Partly cloudy,14,S,0,1509,18/03/2024 17:45,18/03/2024 00:00,5:00 pm
Dublin,11,Light rain,22,SSW,0,1511,18/03/2024 18:15,18/03/2024 00:00,6:00 pm
Dublin,11,Light rain,22,SSW,1,1513,18/03/2024 19:00,18/03/2024 00:00,7:00 pm
Dublin,11,Partly cloudy,29,SSW,1,1515,18/03/2024 19:15,18/03/2024 00:00,7:00 pm
Dublin,11,Partly cloudy,29,SSW,1,1517,18/03/2024 19:45,18/03/2024 00:00,7:00 pm
Dublin,11,Partly cloudy,27,SSW,0,1519,18/03/2024 20:15,18/03/2024 00:00,8:00 pm
Dublin,11,Partly cloudy,27,SSW,0,1521,18/03/2024 20:45,18/03/2024 00:00,8:00 pm
Dublin,11,Light rain,27,SSW,0,1523,18/03/2024 21:15,18/03/2024 00:00,9:00 pm
Dublin,11,Light rain,27,SSW,0,1525,18/03/2024 21:45,18/03/2024 00:00,9:00 pm
Dublin,12,Partly cloudy,15,S,0,1527,18/03/2024 22:15,18/03/2024 00:00,10:00 pm
Dublin,12,Partly cloudy,17,S,0,1529,18/03/2024 22:45,18/03/2024 00:00,10:00 pm
Dublin,12,Partly cloudy,17,S,0,1531,18/03/2024 23:15,18/03/2024 00:00,11:00 pm
Dublin,12,Partly cloudy,15,SSW,0,1533,18/03/2024 23:45,18/03/2024 00:00,11:00 pm
Dublin,12,Partly cloudy,15,SSW,0,1535,19/03/2024 00:15,19/03/2024 00:00,12:00 am
Dublin,10,Patchy rain nearby,15,WSW,0,1537,19/03/2024 00:45,19/03/2024 00:00,12:00 am
Dublin,11,Light rain,12,WSW,0,1539,19/03/2024 01:15,19/03/2024 00:00,1:00 am
Dublin,10,Partly cloudy,14,WSW,0,1541,19/03/2024 02:00,19/03/2024 00:00,2:00 am
Dublin,9,Partly cloudy,19,WSW,0,1543,19/03/2024 02:15,19/03/2024 00:00,2:00 am
Dublin,9,Partly cloudy,13,WSW,0,1545,19/03/2024 02:45,19/03/2024 00:00,2:00 am
Dublin,9,Partly cloudy,12,WSW,0,1547,19/03/2024 03:15,19/03/2024 00:00,3:00 am
Dublin,9,Partly cloudy,13,WSW,0,1549,19/03/2024 03:45,19/03/2024 00:00,3:00 am
Dublin,9,Partly cloudy,16,WSW,0,1551,19/03/2024 04:15,19/03/2024 00:00,4:00 am
Dublin,9,Partly cloudy,8,WSW,0,1553,19/03/2024 04:45,19/03/2024 00:00,4:00 am
Dublin,8,Partly cloudy,13,WSW,0,1555,19/03/2024 05:15,19/03/2024 00:00,5:00 am
Dublin,8,Partly cloudy,13,WSW,0,1557,19/03/2024 05:45,19/03/2024 00:00,5:00 am
Dublin,8,Partly cloudy,8,SW,0,1559,19/03/2024 06:15,19/03/2024 00:00,6:00 am
Dublin,8,Partly cloudy,12,SW,0,1561,19/03/2024 06:45,19/03/2024 00:00,6:00 am
Dublin,8,Partly cloudy,14,SSW,0,1563,19/03/2024 07:30,19/03/2024 00:00,7:00 am
Dublin,8,Partly cloudy,14,SSW,0,1565,19/03/2024 07:45,19/03/2024 00:00,7:00 am
Dublin,9,Partly cloudy,7,WSW,0,1567,19/03/2024 08:15,19/03/2024 00:00,8:00 am
Dublin,9,Partly cloudy,13,SW,0,1569,19/03/2024 08:45,19/03/2024 00:00,8:00 am
Dublin,10,Partly cloudy,14,SW,0,1571,19/03/2024 09:15,19/03/2024 00:00,9:00 am
Dublin,10,Partly cloudy,9,WSW,0,1573,19/03/2024 09:45,19/03/2024 00:00,9:00 am
Dublin,10,Partly cloudy,9,WSW,0,1575,19/03/2024 10:15,19/03/2024 00:00,10:00 am
Dublin,11,Partly cloudy,13,W,0,1577,19/03/2024 10:45,19/03/2024 00:00,10:00 am
Dublin,11,Partly cloudy,11,WSW,0,1579,19/03/2024 11:15,19/03/2024 00:00,11:00 am
Dublin,11,Partly cloudy,8,W,0,1581,19/03/2024 11:45,19/03/2024 00:00,11:00 am
Dublin,12,Partly cloudy,6,WSW,0,1583,19/03/2024 12:15,19/03/2024 00:00,12:00 pm
Dublin,12,Partly cloudy,7,WSW,0,1585,19/03/2024 12:45,19/03/2024 00:00,12:00 pm
Dublin,12,Partly cloudy,7,SW,0,1587,19/03/2024 13:15,19/03/2024 00:00,1:00 pm
Dublin,12,Partly cloudy,6,WSW,0,1589,19/03/2024 13:45,19/03/2024 00:00,1:00 pm
Dublin,12,Partly cloudy,4,WSW,0,1591,19/03/2024 14:15,19/03/2024 00:00,2:00 pm
Dublin,12,Partly cloudy,6,SSW,0,1593,19/03/2024 14:45,19/03/2024 00:00,2:00 pm
Dublin,12,Partly cloudy,2,S,0,1595,19/03/2024 15:15,19/03/2024 00:00,3:00 pm
Dublin,12,Partly cloudy,6,E,0,1597,19/03/2024 15:45,19/03/2024 00:00,3:00 pm
Dublin,12,Partly cloudy,8,WSW,0,1599,19/03/2024 16:15,19/03/2024 00:00,4:00 pm
Dublin,12,Partly cloudy,6,SSW,0,1601,19/03/2024 16:45,19/03/2024 00:00,4:00 pm
Dublin,12,Partly cloudy,4,SE,0,1603,19/03/2024 17:15,19/03/2024 00:00,5:00 pm
Dublin,12,Partly cloudy,4,E,0,1605,19/03/2024 17:45,19/03/2024 00:00,5:00 pm
Dublin,12,Partly cloudy,4,E,0,1607,19/03/2024 18:15,19/03/2024 00:00,6:00 pm
Dublin,11,Partly cloudy,4,E,0,1609,19/03/2024 18:45,19/03/2024 00:00,6:00 pm
Dublin,10,Partly cloudy,4,E,0,1611,19/03/2024 19:15,19/03/2024 00:00,7:00 pm
Dublin,10,Partly cloudy,4,E,0,1613,19/03/2024 19:45,19/03/2024 00:00,7:00 pm
Dublin,10,Partly cloudy,4,E,0,1615,19/03/2024 20:15,19/03/2024 00:00,8:00 pm
Dublin,9,Light rain,3,ESE,0,1617,19/03/2024 20:45,19/03/2024 00:00,8:00 pm
Dublin,9,Light rain,2,SSW,0,1619,19/03/2024 21:15,19/03/2024 00:00,9:00 pm
Dublin,10,Light rain,2,SSW,0,1621,19/03/2024 21:45,19/03/2024 00:00,9:00 pm
Dublin,9,Partly cloudy,8,SSW,0,1623,19/03/2024 22:15,19/03/2024 00:00,10:00 pm
Dublin,9,Partly cloudy,8,SSW,0,1625,19/03/2024 22:45,19/03/2024 00:00,10:00 pm
Dublin,9,Partly cloudy,2,SSW,0,1627,19/03/2024 23:15,19/03/2024 00:00,11:00 pm
Dublin,9,Partly cloudy,4,WSW,0,1629,19/03/2024 23:45,19/03/2024 00:00,11:00 pm
Dublin,9,Partly cloudy,4,WSW,1,1631,20/03/2024 00:15,20/03/2024 00:00,12:00 am
Dublin,8,Light rain,3,E,2,1633,20/03/2024 00:45,20/03/2024 00:00,12:00 am
Dublin,8,Light rain,4,SW,2,1635,20/03/2024 01:15,20/03/2024 00:00,1:00 am
Dublin,8,Light rain,4,SW,2,1637,20/03/2024 01:45,20/03/2024 00:00,1:00 am
Dublin,8,Partly cloudy,3,SW,2,1639,20/03/2024 02:15,20/03/2024 00:00,2:00 am
Dublin,8,Light rain,2,SE,2,1641,20/03/2024 02:45,20/03/2024 00:00,2:00 am
Dublin,8,Light rain,3,S,1,1643,20/03/2024 03:15,20/03/2024 00:00,3:00 am
Dublin,8,Light rain,2,N,1,1645,20/03/2024 03:45,20/03/2024 00:00,3:00 am
Dublin,8,Light rain,2,SE,2,1647,20/03/2024 04:15,20/03/2024 00:00,4:00 am
Dublin,8,Light rain,2,N,1,1649,20/03/2024 04:45,20/03/2024 00:00,4:00 am
Dublin,8,Light rain,2,N,1,1651,20/03/2024 05:15,20/03/2024 00:00,5:00 am
Dublin,8,Light rain,2,NW,1,1653,20/03/2024 05:45,20/03/2024 00:00,5:00 am
Dublin,8,Light rain,4,NW,0,1655,20/03/2024 06:15,20/03/2024 00:00,6:00 am
Dublin,8,Light rain,8,NW,0,1657,20/03/2024 06:45,20/03/2024 00:00,6:00 am
Dublin,7,Light rain,11,NNW,0,1659,20/03/2024 07:15,20/03/2024 00:00,7:00 am
Dublin,7,Light rain,9,N,0,1661,20/03/2024 07:45,20/03/2024 00:00,7:00 am
Dublin,7,Light rain,11,N,0,1663,20/03/2024 08:15,20/03/2024 00:00,8:00 am
Dublin,7,Light rain,9,N,0,1665,20/03/2024 08:45,20/03/2024 00:00,8:00 am
Dublin,7,Partly cloudy,12,N,0,1667,20/03/2024 09:15,20/03/2024 00:00,9:00 am
Dublin,7,Partly cloudy,9,NNE,0,1669,20/03/2024 09:45,20/03/2024 00:00,9:00 am
Dublin,8,Partly cloudy,9,N,0,1671,20/03/2024 10:15,20/03/2024 00:00,10:00 am
Dublin,8,Partly cloudy,8,N,0,1673,20/03/2024 10:45,20/03/2024 00:00,10:00 am
Dublin,8,Partly cloudy,8,N,0,1675,20/03/2024 11:15,20/03/2024 00:00,11:00 am
Dublin,8,Partly cloudy,12,NNW,0,1677,20/03/2024 12:00,20/03/2024 00:00,12:00 pm
Dublin,9,Partly cloudy,12,NNW,0,1679,20/03/2024 12:15,20/03/2024 00:00,12:00 pm
Dublin,9,Partly cloudy,9,NNW,0,1681,20/03/2024 12:45,20/03/2024 00:00,12:00 pm
Dublin,9,Partly cloudy,8,N,0,1683,20/03/2024 13:15,20/03/2024 00:00,1:00 pm
Dublin,10,Partly cloudy,7,N,0,1685,20/03/2024 13:45,20/03/2024 00:00,1:00 pm
Dublin,10,Partly cloudy,8,NNE,0,1687,20/03/2024 14:15,20/03/2024 00:00,2:00 pm
Dublin,10,Partly cloudy,7,NNW,0,1689,20/03/2024 14:45,20/03/2024 00:00,2:00 pm
Dublin,10,Partly cloudy,8,N,0,1691,20/03/2024 15:15,20/03/2024 00:00,3:00 pm
Dublin,10,Partly cloudy,6,NNW,0,1693,20/03/2024 16:00,20/03/2024 00:00,4:00 pm
Dublin,10,Partly cloudy,4,NW,0,1695,20/03/2024 16:15,20/03/2024 00:00,4:00 pm
Dublin,10,Partly cloudy,4,N,0,1697,20/03/2024 17:00,20/03/2024 00:00,5:00 pm
Dublin,11,Partly cloudy,2,NNE,0,1699,20/03/2024 17:15,20/03/2024 00:00,5:00 pm
Dublin,10,Partly cloudy,2,NE,0,1701,20/03/2024 18:00,20/03/2024 00:00,6:00 pm
Dublin,8,Partly cloudy,2,N,0,1703,20/03/2024 18:15,20/03/2024 00:00,6:00 pm
Dublin,7,Partly cloudy,3,S,0,1705,20/03/2024 18:45,20/03/2024 00:00,6:00 pm
Dublin,5,Partly cloudy,2,N,0,1707,20/03/2024 19:15,20/03/2024 00:00,7:00 pm
Dublin,4,Partly cloudy,2,NW,0,1709,20/03/2024 19:45,20/03/2024 00:00,7:00 pm
Dublin,4,Partly cloudy,2,N,0,1711,20/03/2024 20:15,20/03/2024 00:00,8:00 pm
Dublin,4,Partly cloudy,4,S,0,1713,20/03/2024 20:45,20/03/2024 00:00,8:00 pm
Dublin,3,Clear,6,SSW,0,1715,20/03/2024 21:15,20/03/2024 00:00,9:00 pm
Dublin,4,Partly cloudy,4,S,0,1717,20/03/2024 21:45,20/03/2024 00:00,9:00 pm
Dublin,5,Clear,6,SSW,0,1719,20/03/2024 22:15,20/03/2024 00:00,10:00 pm
Dublin,5,Clear,9,S,0,1721,20/03/2024 23:00,20/03/2024 00:00,11:00 pm
Dublin,5,Clear,4,SSW,0,1723,20/03/2024 23:15,20/03/2024 00:00,11:00 pm
Dublin,5,Clear,9,S,0,1725,20/03/2024 23:45,20/03/2024 00:00,11:00 pm
Dublin,5,Clear,6,SSW,0,1727,21/03/2024 00:15,21/03/2024 00:00,12:00 am
Dublin,4,Clear ,5,SSW,0,1729,21/03/2024 00:45,21/03/2024 00:00,12:00 am
Dublin,6,Clear,7,SSW,0,1731,21/03/2024 01:15,21/03/2024 00:00,1:00 am
Dublin,6,Clear,7,SSW,0,1733,21/03/2024 01:45,21/03/2024 00:00,1:00 am
Dublin,6,Clear,7,SSW,0,1735,21/03/2024 02:15,21/03/2024 00:00,2:00 am
Dublin,6,Clear,9,SSW,0,1737,21/03/2024 03:00,21/03/2024 00:00,3:00 am
Dublin,6,Clear,7,SSW,0,1739,21/03/2024 03:15,21/03/2024 00:00,3:00 am
Dublin,7,Clear,14,SW,0,1741,21/03/2024 03:45,21/03/2024 00:00,3:00 am
Dublin,7,Clear,8,SW,0,1743,21/03/2024 04:30,21/03/2024 00:00,4:00 am
Dublin,7,Clear,11,SSW,0,1745,21/03/2024 04:45,21/03/2024 00:00,4:00 am
Dublin,8,Clear,8,SSW,0,1747,21/03/2024 05:15,21/03/2024 00:00,5:00 am
Dublin,8,Clear,11,SSW,0,1749,21/03/2024 05:45,21/03/2024 00:00,5:00 am
Dublin,8,Sunny,17,SW,0,1751,21/03/2024 06:15,21/03/2024 00:00,6:00 am
Dublin,8,Light rain,11,SW,0,1753,21/03/2024 06:45,21/03/2024 00:00,6:00 am
Dublin,8,Light rain,11,SW,0,1755,21/03/2024 07:15,21/03/2024 00:00,7:00 am
Dublin,8,Partly Cloudy ,8,SSW,0,1757,21/03/2024 07:45,21/03/2024 00:00,7:00 am
Dublin,9,Cloudy ,10,SW,0,1759,21/03/2024 08:15,21/03/2024 00:00,8:00 am
Dublin,9,Cloudy ,10,SW,0,1761,21/03/2024 08:45,21/03/2024 00:00,8:00 am
Dublin,10,Cloudy ,12,SW,0,1763,21/03/2024 09:15,21/03/2024 00:00,9:00 am
Dublin,10,Partly cloudy,12,SW,0,1765,21/03/2024 09:45,21/03/2024 00:00,9:00 am
Dublin,10,Partly cloudy,13,SW,0,1767,21/03/2024 10:15,21/03/2024 00:00,10:00 am
Dublin,10,Partly cloudy,23,SW,0,1769,21/03/2024 10:45,21/03/2024 00:00,10:00 am
Dublin,11,Partly cloudy,16,SW,0,1771,21/03/2024 11:15,21/03/2024 00:00,11:00 am
Dublin,12,Partly cloudy,13,SW,0,1773,21/03/2024 11:45,21/03/2024 00:00,11:00 am
Dublin,12,Partly cloudy,26,SSW,0,1775,21/03/2024 12:15,21/03/2024 00:00,12:00 pm
Dublin,12,Partly cloudy,13,SW,0,1777,21/03/2024 12:45,21/03/2024 00:00,12:00 pm
Dublin,12,Overcast,16,SW,0,1779,21/03/2024 13:15,21/03/2024 00:00,1:00 pm
Dublin,13,Light rain,15,SW,0,1781,21/03/2024 13:45,21/03/2024 00:00,1:00 pm
Dublin,13,Partly cloudy,24,SW,0,1783,21/03/2024 14:15,21/03/2024 00:00,2:00 pm
Dublin,13,Partly cloudy,16,SW,0,1785,21/03/2024 14:45,21/03/2024 00:00,2:00 pm
Dublin,13,Partly cloudy,14,SW,0,1787,21/03/2024 15:15,21/03/2024 00:00,3:00 pm
Dublin,13,Partly cloudy,13,SW,0,1789,21/03/2024 16:00,21/03/2024 00:00,4:00 pm
Dublin,13,Light rain,11,SW,0,1791,21/03/2024 16:15,21/03/2024 00:00,4:00 pm
Dublin,12,Light drizzle,12,SW,0,1793,21/03/2024 16:45,21/03/2024 00:00,4:00 pm
Dublin,12,Light drizzle,11,SW,0,1795,21/03/2024 17:15,21/03/2024 00:00,5:00 pm
Dublin,12,Light drizzle,8,SW,0,1797,21/03/2024 17:45,21/03/2024 00:00,5:00 pm
Dublin,12,Moderate rain,7,SW,0,1799,21/03/2024 18:15,21/03/2024 00:00,6:00 pm
Dublin,12,Light rain,8,SW,0,1801,21/03/2024 19:00,21/03/2024 00:00,7:00 pm
Dublin,12,Light rain,11,W,0,1803,21/03/2024 19:15,21/03/2024 00:00,7:00 pm
Dublin,12,Light drizzle,17,WSW,0,1805,21/03/2024 19:45,21/03/2024 00:00,7:00 pm
Dublin,11,Light rain,17,W,0,1807,21/03/2024 20:15,21/03/2024 00:00,8:00 pm
Dublin,10,Partly cloudy,16,W,0,1809,21/03/2024 20:45,21/03/2024 00:00,8:00 pm
Dublin,10,Partly cloudy,16,W,0,1811,21/03/2024 21:15,21/03/2024 00:00,9:00 pm
Dublin,10,Partly cloudy,9,WSW,0,1813,21/03/2024 21:45,21/03/2024 00:00,9:00 pm
Dublin,10,Partly cloudy,9,WSW,0,1815,21/03/2024 22:15,21/03/2024 00:00,10:00 pm
Dublin,9,Light rain,15,WSW,0,1817,21/03/2024 23:00,21/03/2024 00:00,11:00 pm
Dublin,9,Light rain,11,WSW,0,1819,21/03/2024 23:15,21/03/2024 00:00,11:00 pm
Dublin,9,Partly cloudy,16,W,0,1821,21/03/2024 23:45,21/03/2024 00:00,11:00 pm
Dublin,9,Overcast,15,WSW,0,1823,22/03/2024 00:15,22/03/2024 00:00,12:00 am
Dublin,7,Partly Cloudy ,13,W,0,1825,22/03/2024 00:45,22/03/2024 00:00,12:00 am
Dublin,9,Partly cloudy,17,W,0,1827,22/03/2024 01:15,22/03/2024 00:00,1:00 am
Dublin,8,Partly cloudy,16,W,0,1829,22/03/2024 02:00,22/03/2024 00:00,2:00 am
Dublin,8,Partly cloudy,14,W,0,1831,22/03/2024 02:15,22/03/2024 00:00,2:00 am
Dublin,8,Partly cloudy,14,W,0,1833,22/03/2024 02:45,22/03/2024 00:00,2:00 am
Dublin,7,Partly cloudy,19,WSW,0,1835,22/03/2024 03:15,22/03/2024 00:00,3:00 am
Dublin,7,Partly cloudy,14,W,0,1837,22/03/2024 03:45,22/03/2024 00:00,3:00 am
Dublin,7,Partly cloudy,15,W,0,1839,22/03/2024 04:15,22/03/2024 00:00,4:00 am
Dublin,7,Partly cloudy,15,W,0,1841,22/03/2024 04:45,22/03/2024 00:00,4:00 am
Dublin,6,Partly cloudy,14,W,0,1843,22/03/2024 05:15,22/03/2024 00:00,5:00 am
Dublin,6,Clear,15,W,0,1845,22/03/2024 05:45,22/03/2024 00:00,5:00 am
Dublin,6,Partly cloudy,15,W,0,1847,22/03/2024 06:15,22/03/2024 00:00,6:00 am
Dublin,6,Partly cloudy,13,W,0,1849,22/03/2024 06:45,22/03/2024 00:00,6:00 am
Dublin,5,Partly cloudy,13,W,0,1851,22/03/2024 07:15,22/03/2024 00:00,7:00 am
Dublin,5,Partly cloudy,16,W,0,1853,22/03/2024 07:45,22/03/2024 00:00,7:00 am
Dublin,6,Partly cloudy,19,W,0,1855,22/03/2024 08:15,22/03/2024 00:00,8:00 am
Dublin,7,Partly cloudy,17,W,0,1857,22/03/2024 08:45,22/03/2024 00:00,8:00 am
Dublin,7,Partly cloudy,19,W,0,1859,22/03/2024 09:30,22/03/2024 00:00,9:00 am
Dublin,8,Partly cloudy,22,W,0,1861,22/03/2024 09:45,22/03/2024 00:00,9:00 am
Dublin,8,Partly cloudy,21,W,0,1863,22/03/2024 10:15,22/03/2024 00:00,10:00 am
Dublin,9,Partly cloudy,23,W,0,1865,22/03/2024 10:45,22/03/2024 00:00,10:00 am
Dublin,9,Partly cloudy,21,W,0,1867,22/03/2024 11:15,22/03/2024 00:00,11:00 am
Dublin,10,Partly cloudy,21,W,0,1869,22/03/2024 11:45,22/03/2024 00:00,11:00 am
Dublin,10,Partly cloudy,26,W,0,1871,22/03/2024 12:15,22/03/2024 00:00,12:00 pm
Dublin,10,Partly cloudy,27,W,0,1873,22/03/2024 12:45,22/03/2024 00:00,12:00 pm
Dublin,10,Partly cloudy,24,W,0,1875,22/03/2024 13:30,22/03/2024 00:00,1:00 pm
Dublin,10,Partly cloudy,24,W,0,1877,22/03/2024 13:45,22/03/2024 00:00,1:00 pm
Dublin,10,Partly cloudy,21,W,0,1879,22/03/2024 14:30,22/03/2024 00:00,2:00 pm
Dublin,9,Partly cloudy,24,W,0,1881,22/03/2024 15:00,22/03/2024 00:00,3:00 pm
Dublin,10,Overcast,24,W,0,1883,22/03/2024 15:15,22/03/2024 00:00,3:00 pm
Dublin,7,Partly cloudy,21,W,0,1885,22/03/2024 16:00,22/03/2024 00:00,4:00 pm
Dublin,8,Partly cloudy,21,W,0,1887,22/03/2024 16:30,22/03/2024 00:00,4:00 pm
Dublin,9,Partly cloudy,26,W,0,1889,22/03/2024 16:45,22/03/2024 00:00,4:00 pm
Dublin,8,Partly cloudy,22,W,0,1891,22/03/2024 17:15,22/03/2024 00:00,5:00 pm
Dublin,8,Light rain,22,W,0,1893,22/03/2024 17:45,22/03/2024 00:00,5:00 pm
Dublin,6,Light rain,21,W,0,1895,22/03/2024 18:30,22/03/2024 00:00,6:00 pm
Dublin,6,Partly cloudy,15,W,0,1897,22/03/2024 18:45,22/03/2024 00:00,6:00 pm
Dublin,4,Partly cloudy,13,W,0,1899,22/03/2024 19:15,22/03/2024 00:00,7:00 pm
Dublin,4,Partly cloudy,13,W,0,1901,22/03/2024 19:45,22/03/2024 00:00,7:00 pm
Dublin,4,Partly cloudy,16,W,0,1903,22/03/2024 20:15,22/03/2024 00:00,8:00 pm
Dublin,4,Partly cloudy,16,W,0,1905,22/03/2024 20:45,22/03/2024 00:00,8:00 pm
Dublin,4,Partly cloudy,19,WSW,0,1907,22/03/2024 21:15,22/03/2024 00:00,9:00 pm
Dublin,4,Partly cloudy,15,W,0,1909,22/03/2024 21:45,22/03/2024 00:00,9:00 pm
Dublin,4,Partly cloudy,12,WSW,0,1911,22/03/2024 22:15,22/03/2024 00:00,10:00 pm
Dublin,4,Partly cloudy,11,WSW,0,1913,22/03/2024 22:45,22/03/2024 00:00,10:00 pm
Dublin,4,Partly cloudy,13,WSW,0,1915,22/03/2024 23:15,22/03/2024 00:00,11:00 pm
Dublin,4,Partly cloudy,12,WSW,0,1917,22/03/2024 23:45,22/03/2024 00:00,11:00 pm
Dublin,4,Partly cloudy,12,WSW,0,1919,23/03/2024 00:15,23/03/2024 00:00,12:00 am
Dublin,3,Partly Cloudy ,17,W,0,1921,23/03/2024 00:45,23/03/2024 00:00,12:00 am
Dublin,3,Partly cloudy,17,WSW,0,1923,23/03/2024 01:15,23/03/2024 00:00,1:00 am
Dublin,3,Partly cloudy,17,WSW,0,1925,23/03/2024 01:45,23/03/2024 00:00,1:00 am
Dublin,3,Partly cloudy,19,WSW,0,1927,23/03/2024 02:15,23/03/2024 00:00,2:00 am
Dublin,3,Partly cloudy,19,WSW,0,1929,23/03/2024 02:45,23/03/2024 00:00,2:00 am
Dublin,4,Light rain,12,WSW,0,1931,23/03/2024 03:15,23/03/2024 00:00,3:00 am
Dublin,4,Light rain,14,W,0,1933,23/03/2024 03:45,23/03/2024 00:00,3:00 am
Dublin,4,Partly cloudy,13,WSW,0,1935,23/03/2024 04:30,23/03/2024 00:00,4:00 am
Dublin,4,Partly cloudy,14,WSW,0,1937,23/03/2024 04:45,23/03/2024 00:00,4:00 am
Dublin,4,Partly cloudy,17,WSW,0,1939,23/03/2024 05:15,23/03/2024 00:00,5:00 am
Dublin,3,Overcast ,17,W,0,1941,23/03/2024 06:00,23/03/2024 00:00,6:00 am
Dublin,4,Light rain,15,W,0,1943,23/03/2024 06:15,23/03/2024 00:00,6:00 am
Dublin,4,Partly cloudy,19,WSW,0,1945,23/03/2024 06:45,23/03/2024 00:00,6:00 am
Dublin,4,Partly cloudy,17,WSW,0,1947,23/03/2024 07:15,23/03/2024 00:00,7:00 am
Dublin,4,Partly cloudy,17,WSW,0,1949,23/03/2024 08:00,23/03/2024 00:00,8:00 am
Dublin,4,Moderate rain,19,W,0,1951,23/03/2024 08:15,23/03/2024 00:00,8:00 am
Dublin,4,Light rain shower,16,W,0,1953,23/03/2024 08:45,23/03/2024 00:00,8:00 am
Dublin,4,Light rain shower,19,W,0,1955,23/03/2024 09:30,23/03/2024 00:00,9:00 am
Dublin,5,Partly cloudy,19,W,0,1957,23/03/2024 09:45,23/03/2024 00:00,9:00 am
Dublin,5,Light rain,23,W,0,1959,23/03/2024 10:15,23/03/2024 00:00,10:00 am
Dublin,6,Partly cloudy,22,W,0,1961,23/03/2024 11:00,23/03/2024 00:00,11:00 am
Dublin,7,Partly cloudy,22,W,0,1963,23/03/2024 11:15,23/03/2024 00:00,11:00 am
Dublin,7,Partly cloudy,24,W,0,1965,23/03/2024 11:45,23/03/2024 00:00,11:00 am
Dublin,8,Partly cloudy,23,W,0,1967,23/03/2024 12:15,23/03/2024 00:00,12:00 pm
Dublin,8,Partly cloudy,31,W,0,1969,23/03/2024 12:45,23/03/2024 00:00,12:00 pm
Dublin,9,Partly cloudy,23,W,0,1971,23/03/2024 13:15,23/03/2024 00:00,1:00 pm
Dublin,9,Partly cloudy,23,W,0,1973,23/03/2024 13:45,23/03/2024 00:00,1:00 pm
Dublin,9,Partly cloudy,30,WNW,0,1975,23/03/2024 14:15,23/03/2024 00:00,2:00 pm
Dublin,9,Partly cloudy,29,W,0,1977,23/03/2024 14:45,23/03/2024 00:00,2:00 pm
Dublin,8,Partly cloudy,26,W,0,1979,23/03/2024 15:30,23/03/2024 00:00,3:00 pm
Dublin,9,Partly cloudy,29,W,0,1981,23/03/2024 15:45,23/03/2024 00:00,3:00 pm
Dublin,9,Partly cloudy,24,W,0,1983,23/03/2024 16:15,23/03/2024 00:00,4:00 pm
Dublin,9,Partly cloudy,31,W,0,1985,23/03/2024 16:45,23/03/2024 00:00,4:00 pm
Dublin,8,Partly cloudy,26,W,0,1987,23/03/2024 17:15,23/03/2024 00:00,5:00 pm
Dublin,9,Partly cloudy,22,W,0,1989,23/03/2024 17:45,23/03/2024 00:00,5:00 pm
Dublin,8,Partly cloudy,26,WNW,0,1991,23/03/2024 18:15,23/03/2024 00:00,6:00 pm
Dublin,7,Partly cloudy,26,W,0,1993,23/03/2024 19:00,23/03/2024 00:00,7:00 pm
Dublin,6,Partly cloudy,21,W,0,1995,23/03/2024 19:15,23/03/2024 00:00,7:00 pm
Dublin,6,Partly cloudy,19,W,0,1997,23/03/2024 19:45,23/03/2024 00:00,7:00 pm
Dublin,6,Partly cloudy,19,W,0,1999,23/03/2024 20:15,23/03/2024 00:00,8:00 pm
Dublin,6,Partly cloudy,19,W,0,2001,23/03/2024 20:45,23/03/2024 00:00,8:00 pm
Dublin,6,Partly cloudy,19,W,0,2003,23/03/2024 21:15,23/03/2024 00:00,9:00 pm
Dublin,6,Partly cloudy,17,W,0,2005,23/03/2024 21:45,23/03/2024 00:00,9:00 pm
Dublin,6,Partly cloudy,16,W,0,2007,23/03/2024 22:15,23/03/2024 00:00,10:00 pm
Dublin,6,Partly cloudy,17,W,0,2009,23/03/2024 22:45,23/03/2024 00:00,10:00 pm
Dublin,6,Partly cloudy,16,W,0,2011,23/03/2024 23:15,23/03/2024 00:00,11:00 pm
Dublin,6,Partly cloudy,16,W,0,2013,23/03/2024 23:45,23/03/2024 00:00,11:00 pm
Dublin,6,Partly cloudy,16,W,0,2015,24/03/2024 00:15,24/03/2024 00:00,12:00 am
Dublin,3,Cloudy ,13,WNW,0,2017,24/03/2024 00:45,24/03/2024 00:00,12:00 am
Dublin,5,Partly cloudy,17,W,0,2019,24/03/2024 01:15,24/03/2024 00:00,1:00 am
Dublin,5,Partly cloudy,17,W,0,2021,24/03/2024 01:45,24/03/2024 00:00,1:00 am
Dublin,5,Partly cloudy,17,W,0,2023,24/03/2024 02:15,24/03/2024 00:00,2:00 am
Dublin,5,Partly cloudy,17,W,0,2025,24/03/2024 03:00,24/03/2024 00:00,3:00 am
Dublin,4,Partly cloudy,15,WSW,0,2027,24/03/2024 03:15,24/03/2024 00:00,3:00 am
Dublin,4,Partly cloudy,16,W,0,2029,24/03/2024 04:00,24/03/2024 00:00,4:00 am
Dublin,4,Partly cloudy,15,W,0,2031,24/03/2024 04:15,24/03/2024 00:00,4:00 am
Dublin,4,Partly cloudy,14,W,0,2033,24/03/2024 04:45,24/03/2024 00:00,4:00 am
Dublin,4,Partly cloudy,12,W,0,2035,24/03/2024 05:15,24/03/2024 00:00,5:00 am
Dublin,4,Partly cloudy,11,W,0,2037,24/03/2024 05:45,24/03/2024 00:00,5:00 am
Dublin,3,Partly cloudy,11,WSW,0,2039,24/03/2024 06:15,24/03/2024 00:00,6:00 am
Dublin,4,Partly cloudy,13,W,0,2041,24/03/2024 06:45,24/03/2024 00:00,6:00 am
Dublin,4,Partly cloudy,14,W,0,2043,24/03/2024 07:15,24/03/2024 00:00,7:00 am
Dublin,5,Partly cloudy,15,W,0,2045,24/03/2024 07:45,24/03/2024 00:00,7:00 am
Dublin,5,Partly cloudy,14,W,0,2047,24/03/2024 08:15,24/03/2024 00:00,8:00 am
Dublin,5,Partly cloudy,12,WSW,0,2049,24/03/2024 08:45,24/03/2024 00:00,8:00 am
Dublin,7,Partly cloudy,14,WSW,0,2051,24/03/2024 09:15,24/03/2024 00:00,9:00 am
Dublin,7,Partly cloudy,9,W,0,2053,24/03/2024 09:45,24/03/2024 00:00,9:00 am
Dublin,8,Partly cloudy,13,W,0,2055,24/03/2024 10:30,24/03/2024 00:00,10:00 am
Dublin,8,Partly cloudy,12,W,0,2057,24/03/2024 10:45,24/03/2024 00:00,10:00 am
Dublin,9,Partly cloudy,12,W,0,2059,24/03/2024 11:15,24/03/2024 00:00,11:00 am
Dublin,9,Partly cloudy,11,W,0,2061,24/03/2024 11:45,24/03/2024 00:00,11:00 am
Dublin,9,Partly cloudy,9,W,0,2063,24/03/2024 12:30,24/03/2024 00:00,12:00 pm
Dublin,9,Partly cloudy,9,W,0,2065,24/03/2024 12:45,24/03/2024 00:00,12:00 pm
Dublin,10,Partly cloudy,7,W,0,2067,24/03/2024 13:15,24/03/2024 00:00,1:00 pm
Dublin,10,Partly cloudy,6,WSW,0,2069,24/03/2024 13:45,24/03/2024 00:00,1:00 pm
Dublin,10,Partly cloudy,6,SW,0,2071,24/03/2024 14:15,24/03/2024 00:00,2:00 pm
Dublin,10,Partly cloudy,6,SW,0,2073,24/03/2024 14:45,24/03/2024 00:00,2:00 pm
Dublin,10,Partly cloudy,7,SSW,0,2075,24/03/2024 15:30,24/03/2024 00:00,3:00 pm
Dublin,10,Partly cloudy,9,SSW,0,2077,24/03/2024 15:45,24/03/2024 00:00,3:00 pm
Dublin,10,Partly cloudy,11,SE,0,2079,24/03/2024 16:15,24/03/2024 00:00,4:00 pm
Dublin,9,Partly cloudy,12,SSW,0,2081,24/03/2024 16:45,24/03/2024 00:00,4:00 pm
Dublin,9,Partly cloudy,7,SSE,0,2083,24/03/2024 17:15,24/03/2024 00:00,5:00 pm
Dublin,9,Light rain,8,SSE,0,2085,24/03/2024 17:45,24/03/2024 00:00,5:00 pm
Dublin,8,Light rain,4,S,0,2087,24/03/2024 18:15,24/03/2024 00:00,6:00 pm
Dublin,8,Light rain,4,S,0,2089,24/03/2024 18:45,24/03/2024 00:00,6:00 pm
Dublin,7,Light rain,3,SE,0,2091,24/03/2024 19:15,24/03/2024 00:00,7:00 pm
Dublin,7,Light rain,11,SSE,0,2093,24/03/2024 19:45,24/03/2024 00:00,7:00 pm
Dublin,7,Light rain,12,SE,0,2095,24/03/2024 20:15,24/03/2024 00:00,8:00 pm
Dublin,7,Light rain,13,SE,0,2097,24/03/2024 20:45,24/03/2024 00:00,8:00 pm
Dublin,6,Light rain,13,SE,0,2099,24/03/2024 21:15,24/03/2024 00:00,9:00 pm
Dublin,7,Light rain,12,ESE,0,2101,24/03/2024 22:00,24/03/2024 00:00,10:00 pm
Dublin,7,Light rain,16,SE,0,2103,24/03/2024 22:15,24/03/2024 00:00,10:00 pm
Dublin,7,Light rain,15,SE,2,2105,24/03/2024 23:00,24/03/2024 00:00,11:00 pm
Dublin,7,Light rain,16,SE,2,2107,24/03/2024 23:30,24/03/2024 00:00,11:00 pm
Dublin,8,Partly cloudy,16,ESE,2,2109,25/03/2024 00:00,25/03/2024 00:00,12:00 am
Dublin,8,Partly cloudy,16,ESE,2,2111,25/03/2024 00:30,25/03/2024 00:00,12:00 am
Dublin,8,Light rain,8,SE,2,2113,25/03/2024 00:45,25/03/2024 00:00,12:00 am
Dublin,8,Light rain,9,SE,2,2115,25/03/2024 01:15,25/03/2024 00:00,1:00 am
Dublin,8,Light rain,9,SE,2,2117,25/03/2024 01:45,25/03/2024 00:00,1:00 am
Dublin,8,Light rain,9,SE,2,2119,25/03/2024 02:15,25/03/2024 00:00,2:00 am
Dublin,8,Light rain,8,SE,2,2121,25/03/2024 02:45,25/03/2024 00:00,2:00 am
Dublin,9,Light rain,6,ESE,2,2123,25/03/2024 03:15,25/03/2024 00:00,3:00 am
Dublin,9,Light rain,6,ESE,2,2125,25/03/2024 03:45,25/03/2024 00:00,3:00 am
Dublin,8,Light rain,9,SE,1,2127,25/03/2024 04:30,25/03/2024 00:00,4:00 am
Dublin,8,Light rain,8,SE,1,2129,25/03/2024 04:45,25/03/2024 00:00,4:00 am
Dublin,8,Partly cloudy,11,SE,0,2131,25/03/2024 05:15,25/03/2024 00:00,5:00 am
Dublin,8,Partly cloudy,8,SE,0,2133,25/03/2024 05:45,25/03/2024 00:00,5:00 am
Dublin,8,Partly cloudy,12,SE,0,2135,25/03/2024 06:15,25/03/2024 00:00,6:00 am
Dublin,8,Partly cloudy,13,SSE,0,2137,25/03/2024 06:45,25/03/2024 00:00,6:00 am
Dublin,8,Partly cloudy,16,SSE,0,2139,25/03/2024 07:15,25/03/2024 00:00,7:00 am
Dublin,8,Partly cloudy,8,SSE,0,2141,25/03/2024 07:45,25/03/2024 00:00,7:00 am
Dublin,9,Partly cloudy,13,SE,0,2143,25/03/2024 08:15,25/03/2024 00:00,8:00 am
Dublin,9,Light rain,17,SE,0,2145,25/03/2024 08:45,25/03/2024 00:00,8:00 am
Dublin,9,Light rain,19,SSE,0,2147,25/03/2024 09:15,25/03/2024 00:00,9:00 am
Dublin,9,Light rain,16,SSE,0,2149,25/03/2024 09:45,25/03/2024 00:00,9:00 am
Dublin,9,Light rain,19,SSE,0,2151,25/03/2024 10:15,25/03/2024 00:00,10:00 am
Dublin,9,Light rain,14,SE,0,2153,25/03/2024 10:45,25/03/2024 00:00,10:00 am
Dublin,9,Light rain,13,SE,0,2155,25/03/2024 11:15,25/03/2024 00:00,11:00 am
Dublin,9,Partly cloudy,19,SE,0,2157,25/03/2024 11:45,25/03/2024 00:00,11:00 am
Dublin,10,Light rain,16,ESE,0,2159,25/03/2024 12:30,25/03/2024 00:00,12:00 pm
Dublin,9,Light rain,15,SE,0,2161,25/03/2024 12:45,25/03/2024 00:00,12:00 pm
Dublin,9,Light rain,16,SE,0,2163,25/03/2024 13:15,25/03/2024 00:00,1:00 pm
Dublin,9,Light rain,16,SE,0,2165,25/03/2024 13:45,25/03/2024 00:00,1:00 pm
Dublin,9,Patchy rain nearby,11,SE,0,2167,25/03/2024 14:15,25/03/2024 00:00,2:00 pm
Dublin,9,Partly cloudy,16,SE,0,2169,25/03/2024 14:45,25/03/2024 00:00,2:00 pm
Dublin,9,Partly cloudy,15,ESE,0,2171,25/03/2024 15:15,25/03/2024 00:00,3:00 pm
Dublin,9,Partly cloudy,16,ESE,0,2173,25/03/2024 15:45,25/03/2024 00:00,3:00 pm
Dublin,9,Partly cloudy,7,E,0,2175,25/03/2024 16:15,25/03/2024 00:00,4:00 pm
Dublin,9,Partly cloudy,14,SE,0,2177,25/03/2024 16:45,25/03/2024 00:00,4:00 pm
Dublin,9,Partly cloudy,12,SE,0,2179,25/03/2024 17:15,25/03/2024 00:00,5:00 pm
Dublin,8,Partly cloudy,14,SE,0,2181,25/03/2024 17:45,25/03/2024 00:00,5:00 pm
Dublin,8,Partly cloudy,12,SE,1,2183,25/03/2024 18:15,25/03/2024 00:00,6:00 pm
Dublin,8,Partly cloudy,13,SE,0,2185,25/03/2024 18:45,25/03/2024 00:00,6:00 pm
Dublin,8,Light rain,9,SE,1,2187,25/03/2024 19:15,25/03/2024 00:00,7:00 pm
Dublin,8,Partly cloudy,8,ESE,1,2189,25/03/2024 19:45,25/03/2024 00:00,7:00 pm
Dublin,8,Partly cloudy,12,ESE,1,2191,25/03/2024 20:15,25/03/2024 00:00,8:00 pm
Dublin,8,Partly cloudy,12,ESE,1,2193,25/03/2024 20:45,25/03/2024 00:00,8:00 pm
Dublin,8,Partly cloudy,8,E,0,2195,25/03/2024 21:15,25/03/2024 00:00,9:00 pm
Dublin,8,Light rain,12,ESE,0,2197,25/03/2024 21:45,25/03/2024 00:00,9:00 pm
Dublin,7,Light rain,11,ESE,1,2199,25/03/2024 22:15,25/03/2024 00:00,10:00 pm
Dublin,7,Light rain,11,ESE,1,2201,25/03/2024 22:45,25/03/2024 00:00,10:00 pm
Dublin,7,Light rain,7,E,0,2203,25/03/2024 23:15,25/03/2024 00:00,11:00 pm
Dublin,7,Light rain,7,E,0,2205,25/03/2024 23:45,25/03/2024 00:00,11:00 pm
Dublin,7,Light rain,8,E,0,2207,26/03/2024 00:15,26/03/2024 00:00,12:00 am
Dublin,7,Patchy rain nearby,9,E,0,2209,26/03/2024 00:45,26/03/2024 00:00,12:00 am
Dublin,7,Light rain,6,ENE,0,2211,26/03/2024 01:15,26/03/2024 00:00,1:00 am
Dublin,7,Light rain,6,ENE,0,2213,26/03/2024 01:45,26/03/2024 00:00,1:00 am
Dublin,7,Light rain,8,NE,0,2215,26/03/2024 02:30,26/03/2024 00:00,2:00 am
Dublin,7,Light rain,8,NE,0,2217,26/03/2024 02:45,26/03/2024 00:00,2:00 am
Dublin,7,Light rain,12,NE,0,2219,26/03/2024 03:15,26/03/2024 00:00,3:00 am
Dublin,7,Light rain,12,NNE,0,2221,26/03/2024 03:45,26/03/2024 00:00,3:00 am
Dublin,7,Light rain,12,NNE,0,2223,26/03/2024 04:15,26/03/2024 00:00,4:00 am
Dublin,7,Light rain,11,NNE,0,2225,26/03/2024 04:45,26/03/2024 00:00,4:00 am
Dublin,7,Light rain,11,NE,0,2227,26/03/2024 05:15,26/03/2024 00:00,5:00 am
Dublin,7,Light rain,11,NE,0,2229,26/03/2024 05:45,26/03/2024 00:00,5:00 am
Dublin,7,Light rain,9,NNE,0,2231,26/03/2024 06:15,26/03/2024 00:00,6:00 am
Dublin,7,Light rain,9,ENE,1,2233,26/03/2024 06:45,26/03/2024 00:00,6:00 am
Dublin,7,Light rain,9,NNE,0,2235,26/03/2024 07:30,26/03/2024 00:00,7:00 am
Dublin,7,Light rain,12,NE,0,2237,26/03/2024 07:45,26/03/2024 00:00,7:00 am
Dublin,7,Partly cloudy,11,NE,0,2239,26/03/2024 08:15,26/03/2024 00:00,8:00 am
Dublin,7,Light rain,13,ENE,0,2241,26/03/2024 08:45,26/03/2024 00:00,8:00 am
Dublin,8,Light rain,13,ENE,0,2243,26/03/2024 09:15,26/03/2024 00:00,9:00 am
Dublin,8,Light rain,12,ENE,0,2245,26/03/2024 09:45,26/03/2024 00:00,9:00 am
Dublin,8,Light rain,13,ENE,0,2247,26/03/2024 10:15,26/03/2024 00:00,10:00 am
Dublin,7,Light rain,9,ENE,0,2249,26/03/2024 11:00,26/03/2024 00:00,11:00 am
Dublin,8,Light rain,13,ENE,0,2251,26/03/2024 11:15,26/03/2024 00:00,11:00 am
Dublin,8,Light rain,14,ENE,0,2253,26/03/2024 11:45,26/03/2024 00:00,11:00 am
Dublin,8,Light rain,14,E,0,2255,26/03/2024 12:15,26/03/2024 00:00,12:00 pm
Dublin,8,Light rain,14,E,0,2257,26/03/2024 12:45,26/03/2024 00:00,12:00 pm
Dublin,8,Light rain,16,E,0,2259,26/03/2024 13:15,26/03/2024 00:00,1:00 pm
Dublin,8,Partly cloudy,12,E,0,2261,26/03/2024 13:45,26/03/2024 00:00,1:00 pm
Dublin,8,Light rain,13,E,0,2263,26/03/2024 14:15,26/03/2024 00:00,2:00 pm
Dublin,7,Light rain,14,E,0,2265,26/03/2024 14:45,26/03/2024 00:00,2:00 pm
Dublin,8,Light rain,13,E,0,2267,26/03/2024 15:15,26/03/2024 00:00,3:00 pm
Dublin,8,Light rain,13,E,0,2269,26/03/2024 15:45,26/03/2024 00:00,3:00 pm
Dublin,9,Partly cloudy,13,E,0,2271,26/03/2024 16:15,26/03/2024 00:00,4:00 pm
Dublin,9,Partly cloudy,15,ESE,0,2273,26/03/2024 16:45,26/03/2024 00:00,4:00 pm
Dublin,9,Partly cloudy,12,ESE,0,2275,26/03/2024 17:30,26/03/2024 00:00,5:00 pm
Dublin,9,Partly cloudy,16,E,0,2277,26/03/2024 17:45,26/03/2024 00:00,5:00 pm
Dublin,8,Overcast,8,SE,0,2279,26/03/2024 18:15,26/03/2024 00:00,6:00 pm
Dublin,8,Partly cloudy,11,E,0,2281,26/03/2024 19:00,26/03/2024 00:00,7:00 pm
Dublin,7,Partly cloudy,11,E,0,2283,26/03/2024 19:15,26/03/2024 00:00,7:00 pm
Dublin,6,Partly cloudy,12,E,0,2285,26/03/2024 19:45,26/03/2024 00:00,7:00 pm
Dublin,7,Partly cloudy,12,E,0,2287,26/03/2024 20:15,26/03/2024 00:00,8:00 pm
Dublin,7,Partly cloudy,14,E,0,2289,26/03/2024 20:45,26/03/2024 00:00,8:00 pm
Dublin,7,Partly cloudy,13,E,0,2291,26/03/2024 21:15,26/03/2024 00:00,9:00 pm
Dublin,7,Partly cloudy,13,E,0,2293,26/03/2024 21:45,26/03/2024 00:00,9:00 pm
Dublin,7,Partly cloudy,11,E,0,2295,26/03/2024 22:15,26/03/2024 00:00,10:00 pm
Dublin,7,Partly cloudy,11,E,0,2297,26/03/2024 22:45,26/03/2024 00:00,10:00 pm
Dublin,6,Partly cloudy,7,ESE,0,2299,26/03/2024 23:15,26/03/2024 00:00,11:00 pm
Dublin,6,Partly cloudy,7,ESE,0,2301,26/03/2024 23:45,26/03/2024 00:00,11:00 pm
Dublin,6,Partly cloudy,7,ESE,0,2303,27/03/2024 00:15,27/03/2024 00:00,12:00 am
Dublin,6,Patchy rain nearby,11,SSE,0,2305,27/03/2024 01:00,27/03/2024 00:00,1:00 am
Dublin,6,Partly cloudy,11,SE,0,2307,27/03/2024 01:15,27/03/2024 00:00,1:00 am
Dublin,6,Partly cloudy,11,SE,0,2309,27/03/2024 01:45,27/03/2024 00:00,1:00 am
Dublin,5,Partly cloudy,2,SE,0,2311,27/03/2024 02:30,27/03/2024 00:00,2:00 am
Dublin,6,Partly cloudy,6,SE,0,2313,27/03/2024 02:45,27/03/2024 00:00,2:00 am
Dublin,6,Partly cloudy,4,SE,0,2315,27/03/2024 03:30,27/03/2024 00:00,3:00 am
Dublin,6,Partly cloudy,8,ESE,0,2317,27/03/2024 03:45,27/03/2024 00:00,3:00 am
Dublin,6,Partly cloudy,12,E,0,2319,27/03/2024 04:15,27/03/2024 00:00,4:00 am
Dublin,6,Partly cloudy,12,E,0,2321,27/03/2024 04:45,27/03/2024 00:00,4:00 am
Dublin,7,Partly cloudy,14,E,0,2323,27/03/2024 05:30,27/03/2024 00:00,5:00 am
Dublin,7,Light rain,16,ESE,0,2325,27/03/2024 05:45,27/03/2024 00:00,5:00 am
Dublin,7,Light rain shower,14,ESE,1,2327,27/03/2024 06:30,27/03/2024 00:00,6:00 am
Dublin,7,Light rain shower,12,ESE,1,2329,27/03/2024 06:45,27/03/2024 00:00,6:00 am
Dublin,7,Light rain shower,11,ESE,0,2331,27/03/2024 07:30,27/03/2024 00:00,7:00 am
Dublin,7,Light rain,14,SE,0,2333,27/03/2024 07:45,27/03/2024 00:00,7:00 am
Dublin,5,Partly cloudy,12,SSW,0,2335,27/03/2024 08:15,27/03/2024 00:00,8:00 am
Dublin,5,Light rain,14,S,0,2337,27/03/2024 08:45,27/03/2024 00:00,8:00 am
Dublin,6,Light rain,8,S,0,2339,27/03/2024 09:15,27/03/2024 00:00,9:00 am
Dublin,6,Partly cloudy,13,S,0,2341,27/03/2024 10:00,27/03/2024 00:00,10:00 am
Dublin,6,Partly cloudy,12,SSE,0,2343,27/03/2024 10:15,27/03/2024 00:00,10:00 am
Dublin,8,Partly cloudy,15,SSE,0,2345,27/03/2024 11:00,27/03/2024 00:00,11:00 am
Dublin,7,Overcast,15,S,0,2347,27/03/2024 11:15,27/03/2024 00:00,11:00 am
Dublin,8,Overcast,12,SSE,0,2349,27/03/2024 11:45,27/03/2024 00:00,11:00 am
Dublin,7,Overcast,9,S,0,2351,27/03/2024 12:15,27/03/2024 00:00,12:00 pm
Dublin,7,Overcast,16,S,0,2353,27/03/2024 12:45,27/03/2024 00:00,12:00 pm
Dublin,7,Moderate or heavy rain shower,16,SSE,0,2355,27/03/2024 13:15,27/03/2024 00:00,1:00 pm
Dublin,8,Light rain,17,S,0,2357,27/03/2024 13:45,27/03/2024 00:00,1:00 pm
Dublin,8,Overcast,16,S,0,2359,27/03/2024 14:15,27/03/2024 00:00,2:00 pm
Dublin,7,Moderate or heavy rain shower,11,SE,0,2361,27/03/2024 14:45,27/03/2024 00:00,2:00 pm
Dublin,7,Partly cloudy,13,S,0,2363,27/03/2024 15:15,27/03/2024 00:00,3:00 pm
Dublin,6,Overcast,14,SSE,0,2365,27/03/2024 15:45,27/03/2024 00:00,3:00 pm
Dublin,7,Partly cloudy,14,SSE,0,2367,27/03/2024 16:15,27/03/2024 00:00,4:00 pm
Dublin,7,Light rain,15,SSE,0,2369,27/03/2024 16:45,27/03/2024 00:00,4:00 pm
Dublin,6,Overcast,7,SSE,0,2371,27/03/2024 17:15,27/03/2024 00:00,5:00 pm
Dublin,7,Partly cloudy,16,SSE,0,2373,27/03/2024 17:45,27/03/2024 00:00,5:00 pm
Dublin,6,Partly cloudy,15,SSE,0,2375,27/03/2024 18:15,27/03/2024 00:00,6:00 pm
Dublin,5,Partly cloudy,13,S,0,2377,27/03/2024 18:45,27/03/2024 00:00,6:00 pm
Dublin,4,Partly cloudy,14,SSE,0,2379,27/03/2024 19:30,27/03/2024 00:00,7:00 pm
Dublin,4,Partly cloudy,14,SSE,0,2381,27/03/2024 19:45,27/03/2024 00:00,7:00 pm
Dublin,4,Partly cloudy,8,S,0,2383,27/03/2024 20:15,27/03/2024 00:00,8:00 pm
Dublin,4,Partly cloudy,4,S,0,2385,27/03/2024 20:45,27/03/2024 00:00,8:00 pm
Dublin,3,Partly cloudy,9,SSE,0,2387,27/03/2024 21:15,27/03/2024 00:00,9:00 pm
Dublin,3,Partly cloudy,9,SSE,0,2389,27/03/2024 22:00,27/03/2024 00:00,10:00 pm
Dublin,3,Partly cloudy,12,SE,0,2391,27/03/2024 22:15,27/03/2024 00:00,10:00 pm
Dublin,3,Partly cloudy,7,SSE,0,2393,27/03/2024 22:45,27/03/2024 00:00,10:00 pm
Dublin,3,Partly cloudy,4,SSE,0,2395,27/03/2024 23:15,27/03/2024 00:00,11:00 pm
Dublin,3,Partly cloudy,3,SSE,0,2397,27/03/2024 23:45,27/03/2024 00:00,11:00 pm
Dublin,3,Partly cloudy,3,SSE,0,2399,28/03/2024 00:15,28/03/2024 00:00,12:00 am
Dublin,2,Overcast ,4,SSE,0,2401,28/03/2024 00:45,28/03/2024 00:00,12:00 am
Dublin,3,Light rain,8,E,0,2403,28/03/2024 01:15,28/03/2024 00:00,1:00 am
Dublin,3,Partly cloudy,4,NE,0,2405,28/03/2024 01:45,28/03/2024 00:00,1:00 am
Dublin,3,Light rain,9,ESE,0,2407,28/03/2024 02:15,28/03/2024 00:00,2:00 am
Dublin,3,Light rain,9,ESE,0,2409,28/03/2024 02:45,28/03/2024 00:00,2:00 am
Dublin,3,Light rain,2,SE,0,2411,28/03/2024 03:15,28/03/2024 00:00,3:00 am
Dublin,3,Light rain,2,SE,0,2413,28/03/2024 03:45,28/03/2024 00:00,3:00 am
Dublin,4,Light rain,2,ESE,0,2415,28/03/2024 04:30,28/03/2024 00:00,4:00 am
Dublin,4,Light rain,2,ESE,0,2417,28/03/2024 04:45,28/03/2024 00:00,4:00 am
Dublin,3,Light rain,4,E,0,2419,28/03/2024 05:30,28/03/2024 00:00,5:00 am
Dublin,3,Light rain,4,E,0,2421,28/03/2024 05:45,28/03/2024 00:00,5:00 am
Dublin,3,Light rain,2,ENE,0,2423,28/03/2024 06:30,28/03/2024 00:00,6:00 am
Dublin,3,Partly cloudy,2,ENE,0,2425,28/03/2024 06:45,28/03/2024 00:00,6:00 am
Dublin,3,Partly cloudy,2,NE,0,2427,28/03/2024 07:30,28/03/2024 00:00,7:00 am
Dublin,3,Partly cloudy,2,NE,0,2429,28/03/2024 07:45,28/03/2024 00:00,7:00 am
Dublin,4,Partly cloudy,2,NNE,0,2431,28/03/2024 08:15,28/03/2024 00:00,8:00 am
Dublin,4,Partly cloudy,2,N,0,2433,28/03/2024 08:45,28/03/2024 00:00,8:00 am
Dublin,4,Partly cloudy,2,NNW,0,2435,28/03/2024 09:15,28/03/2024 00:00,9:00 am
Dublin,5,Partly cloudy,2,NNW,0,2437,28/03/2024 09:45,28/03/2024 00:00,9:00 am
Dublin,6,Partly cloudy,2,W,0,2439,28/03/2024 10:15,28/03/2024 00:00,10:00 am
Dublin,7,Partly cloudy,6,E,0,2441,28/03/2024 10:45,28/03/2024 00:00,10:00 am
Dublin,7,Partly cloudy,4,WNW,0,2443,28/03/2024 11:15,28/03/2024 00:00,11:00 am
Dublin,7,Partly cloudy,9,SE,0,2445,28/03/2024 12:00,28/03/2024 00:00,12:00 pm
Dublin,7,Light rain,14,SSE,0,2447,28/03/2024 12:15,28/03/2024 00:00,12:00 pm
Dublin,8,Partly cloudy,13,SSE,0,2449,28/03/2024 12:45,28/03/2024 00:00,12:00 pm
Dublin,8,Partly cloudy,4,N,0,2451,28/03/2024 13:30,28/03/2024 00:00,1:00 pm
Dublin,9,Partly cloudy,7,NNE,0,2453,28/03/2024 13:45,28/03/2024 00:00,1:00 pm
Dublin,9,Partly cloudy,11,SE,1,2455,28/03/2024 14:15,28/03/2024 00:00,2:00 pm
Dublin,9,Partly cloudy,7,E,1,2457,28/03/2024 14:45,28/03/2024 00:00,2:00 pm
Dublin,9,Partly cloudy,8,ESE,0,2459,28/03/2024 15:15,28/03/2024 00:00,3:00 pm
Dublin,10,Partly cloudy,12,E,0,2461,28/03/2024 15:45,28/03/2024 00:00,3:00 pm
Dublin,8,Partly cloudy,11,E,0,2463,28/03/2024 16:15,28/03/2024 00:00,4:00 pm
Dublin,8,Partly cloudy,11,ENE,0,2465,28/03/2024 16:45,28/03/2024 00:00,4:00 pm
Dublin,8,Partly cloudy,8,ENE,0,2467,28/03/2024 17:15,28/03/2024 00:00,5:00 pm
Dublin,8,Partly cloudy,6,E,0,2469,28/03/2024 17:45,28/03/2024 00:00,5:00 pm
Dublin,7,Partly cloudy,7,NE,0,2471,28/03/2024 18:15,28/03/2024 00:00,6:00 pm
Dublin,6,Partly cloudy,6,NNE,0,2473,28/03/2024 18:45,28/03/2024 00:00,6:00 pm
Dublin,5,Partly cloudy,2,WNW,0,2475,28/03/2024 19:15,28/03/2024 00:00,7:00 pm
Dublin,4,Partly cloudy,2,WNW,0,2477,28/03/2024 19:45,28/03/2024 00:00,7:00 pm
Dublin,3,Partly cloudy,4,W,0,2479,28/03/2024 20:30,28/03/2024 00:00,8:00 pm
Dublin,3,Partly cloudy,2,W,0,2481,28/03/2024 20:45,28/03/2024 00:00,8:00 pm
Dublin,3,Partly cloudy,2,WSW,0,2483,28/03/2024 21:15,28/03/2024 00:00,9:00 pm
Dublin,3,Partly cloudy,4,SSW,0,2485,28/03/2024 22:00,28/03/2024 00:00,10:00 pm
Dublin,2,Partly cloudy,4,S,0,2487,28/03/2024 22:15,28/03/2024 00:00,10:00 pm
Dublin,1,Partly cloudy,4,SSW,0,2489,28/03/2024 22:45,28/03/2024 00:00,10:00 pm
Dublin,1,Partly cloudy,4,S,0,2491,28/03/2024 23:15,28/03/2024 00:00,11:00 pm
Dublin,0,Partly cloudy,4,S,0,2493,28/03/2024 23:45,28/03/2024 00:00,11:00 pm
Dublin,0,Partly cloudy,4,S,0,2495,29/03/2024 00:15,29/03/2024 00:00,12:00 am
Dublin,2,Clear ,4,SSW,0,2497,29/03/2024 00:45,29/03/2024 00:00,12:00 am
Dublin,4,Clear,9,S,0,2499,29/03/2024 01:15,29/03/2024 00:00,1:00 am
Dublin,2,Partly cloudy,4,S,0,2501,29/03/2024 01:45,29/03/2024 00:00,1:00 am
Dublin,2,Partly cloudy,4,S,0,2503,29/03/2024 02:15,29/03/2024 00:00,2:00 am
Dublin,4,Partly cloudy,6,S,0,2505,29/03/2024 02:45,29/03/2024 00:00,2:00 am
Dublin,4,Clear,4,SSE,0,2507,29/03/2024 03:15,29/03/2024 00:00,3:00 am
Dublin,3,Partly cloudy,4,SE,0,2509,29/03/2024 03:45,29/03/2024 00:00,3:00 am
Dublin,4,Partly cloudy,4,SE,0,2511,29/03/2024 04:15,29/03/2024 00:00,4:00 am
Dublin,3,Partly cloudy,4,E,0,2513,29/03/2024 04:45,29/03/2024 00:00,4:00 am
Dublin,5,Partly cloudy,4,E,0,2515,29/03/2024 05:15,29/03/2024 00:00,5:00 am
Dublin,5,Partly cloudy,7,SE,0,2517,29/03/2024 06:00,29/03/2024 00:00,6:00 am
Dublin,5,Partly cloudy,6,SE,0,2519,29/03/2024 06:15,29/03/2024 00:00,6:00 am
Dublin,5,Partly cloudy,8,SSE,0,2521,29/03/2024 07:00,29/03/2024 00:00,7:00 am
Dublin,5,Partly cloudy,4,ESE,0,2523,29/03/2024 07:15,29/03/2024 00:00,7:00 am
Dublin,5,Partly cloudy,4,ESE,0,2525,29/03/2024 07:45,29/03/2024 00:00,7:00 am
Dublin,7,Partly cloudy,7,SE,0,2527,29/03/2024 08:15,29/03/2024 00:00,8:00 am
Dublin,7,Partly cloudy,4,SE,0,2529,29/03/2024 08:45,29/03/2024 00:00,8:00 am
Dublin,9,Partly cloudy,9,SE,0,2531,29/03/2024 09:15,29/03/2024 00:00,9:00 am
Dublin,9,Partly cloudy,6,SSE,0,2533,29/03/2024 09:45,29/03/2024 00:00,9:00 am
Dublin,9,Partly cloudy,8,SSW,0,2535,29/03/2024 10:15,29/03/2024 00:00,10:00 am
Dublin,10,Partly cloudy,9,SE,0,2537,29/03/2024 11:00,29/03/2024 00:00,11:00 am
Dublin,10,Partly cloudy,14,S,0,2539,29/03/2024 11:15,29/03/2024 00:00,11:00 am
Dublin,10,Partly cloudy,14,S,0,2541,29/03/2024 11:45,29/03/2024 00:00,11:00 am
Dublin,11,Partly cloudy,12,SSW,0,2543,29/03/2024 12:15,29/03/2024 00:00,12:00 pm
Dublin,10,Light rain,9,SE,0,2545,29/03/2024 12:45,29/03/2024 00:00,12:00 pm
Dublin,11,Light rain,8,S,0,2547,29/03/2024 13:15,29/03/2024 00:00,1:00 pm
Dublin,11,Partly cloudy,11,SSW,0,2549,29/03/2024 14:00,29/03/2024 00:00,2:00 pm
Dublin,12,Partly cloudy,11,SSW,0,2551,29/03/2024 14:15,29/03/2024 00:00,2:00 pm
Dublin,12,Partly cloudy,11,SSW,0,2553,29/03/2024 14:45,29/03/2024 00:00,2:00 pm
Dublin,11,Partly cloudy,6,S,0,2555,29/03/2024 15:15,29/03/2024 00:00,3:00 pm
Dublin,11,Partly cloudy,8,S,0,2557,29/03/2024 15:45,29/03/2024 00:00,3:00 pm
Dublin,11,Partly cloudy,7,SSE,1,2559,29/03/2024 16:30,29/03/2024 00:00,4:00 pm
Dublin,10,Partly cloudy,7,SE,0,2561,29/03/2024 17:00,29/03/2024 00:00,5:00 pm
Dublin,10,Partly cloudy,9,SW,0,2563,29/03/2024 17:15,29/03/2024 00:00,5:00 pm
Dublin,10,Partly cloudy,8,SSE,0,2565,29/03/2024 17:45,29/03/2024 00:00,5:00 pm
Dublin,10,Partly cloudy,12,SSW,0,2567,29/03/2024 18:15,29/03/2024 00:00,6:00 pm
Dublin,10,Partly cloudy,12,SSW,0,2569,29/03/2024 18:45,29/03/2024 00:00,6:00 pm
Dublin,9,Partly cloudy,8,SSW,0,2571,29/03/2024 19:15,29/03/2024 00:00,7:00 pm
Dublin,9,Partly cloudy,11,SSW,0,2573,29/03/2024 19:45,29/03/2024 00:00,7:00 pm
Dublin,8,Partly cloudy,8,SSW,0,2575,29/03/2024 20:15,29/03/2024 00:00,8:00 pm
Dublin,8,Partly cloudy,8,SSW,0,2577,29/03/2024 20:45,29/03/2024 00:00,8:00 pm
Dublin,8,Partly cloudy,8,SSW,0,2579,29/03/2024 21:15,29/03/2024 00:00,9:00 pm
Dublin,8,Clear,11,SSW,0,2581,29/03/2024 21:45,29/03/2024 00:00,9:00 pm
Dublin,7,Light rain,4,SW,0,2583,29/03/2024 22:15,29/03/2024 00:00,10:00 pm
Dublin,7,Partly cloudy,7,SSW,0,2585,29/03/2024 22:45,29/03/2024 00:00,10:00 pm
Dublin,7,Partly cloudy,12,SSW,0,2587,29/03/2024 23:15,29/03/2024 00:00,11:00 pm
Dublin,7,Partly cloudy,12,SSW,0,2589,29/03/2024 23:45,29/03/2024 00:00,11:00 pm
Dublin,7,Partly cloudy,12,SSW,0,2591,30/03/2024 00:15,30/03/2024 00:00,12:00 am
Dublin,3,Mist,5,SSW,0,2593,30/03/2024 00:45,30/03/2024 00:00,12:00 am
Dublin,6,Partly cloudy,9,SSW,0,2595,30/03/2024 01:15,30/03/2024 00:00,1:00 am
Dublin,6,Partly cloudy,9,SSW,0,2597,30/03/2024 01:45,30/03/2024 00:00,1:00 am
Dublin,6,Partly cloudy,6,SSW,0,2599,30/03/2024 02:30,30/03/2024 00:00,2:00 am
Dublin,6,Partly cloudy,9,SSW,0,2601,30/03/2024 03:00,30/03/2024 00:00,3:00 am
Dublin,6,Clear,9,S,0,2603,30/03/2024 03:15,30/03/2024 00:00,3:00 am
Dublin,6,Clear,9,S,0,2605,30/03/2024 04:00,30/03/2024 00:00,4:00 am
Dublin,6,Partly cloudy,4,SSW,0,2607,30/03/2024 04:15,30/03/2024 00:00,4:00 am
Dublin,5,Partly cloudy,2,SW,0,2609,30/03/2024 04:45,30/03/2024 00:00,4:00 am
Dublin,5,Partly cloudy,2,SW,0,2611,30/03/2024 05:15,30/03/2024 00:00,5:00 am
Dublin,5,Partly cloudy,6,SW,0,2613,30/03/2024 05:45,30/03/2024 00:00,5:00 am
Dublin,5,Partly cloudy,7,SSW,0,2615,30/03/2024 06:15,30/03/2024 00:00,6:00 am
Dublin,5,Partly cloudy,6,SSW,0,2617,30/03/2024 06:45,30/03/2024 00:00,6:00 am
Dublin,6,Partly cloudy,8,SSE,0,2619,30/03/2024 07:15,30/03/2024 00:00,7:00 am
Dublin,8,Partly cloudy,6,SSE,0,2621,30/03/2024 08:30,30/03/2024 00:00,8:00 am
Dublin,8,Partly cloudy,13,S,0,2623,30/03/2024 08:45,30/03/2024 00:00,8:00 am
Dublin,10,Partly cloudy,13,S,0,2625,30/03/2024 09:15,30/03/2024 00:00,9:00 am
Dublin,10,Partly cloudy,11,S,0,2627,30/03/2024 09:45,30/03/2024 00:00,9:00 am
Dublin,10,Partly cloudy,13,SSE,0,2629,30/03/2024 10:15,30/03/2024 00:00,10:00 am
Dublin,9,Partly cloudy,13,SE,0,2631,30/03/2024 10:45,30/03/2024 00:00,10:00 am
Dublin,10,Light rain,16,S,0,2633,30/03/2024 11:15,30/03/2024 00:00,11:00 am
Dublin,11,Partly cloudy,12,SE,0,2635,30/03/2024 12:00,30/03/2024 00:00,12:00 pm
Dublin,10,Light rain,14,SSE,0,2637,30/03/2024 12:30,30/03/2024 00:00,12:00 pm
Dublin,10,Partly cloudy,16,SSE,0,2639,30/03/2024 12:45,30/03/2024 00:00,12:00 pm
Dublin,12,Light rain,13,S,0,2641,30/03/2024 13:30,30/03/2024 00:00,1:00 pm
Dublin,12,Light rain,13,S,0,2643,30/03/2024 13:45,30/03/2024 00:00,1:00 pm
Dublin,11,Partly cloudy,13,SSE,0,2645,30/03/2024 14:15,30/03/2024 00:00,2:00 pm
Dublin,11,Partly cloudy,13,SSE,0,2647,30/03/2024 14:45,30/03/2024 00:00,2:00 pm
Dublin,11,Partly cloudy,12,SSE,0,2649,30/03/2024 15:15,30/03/2024 00:00,3:00 pm
Dublin,11,Partly cloudy,12,SSE,0,2651,30/03/2024 15:45,30/03/2024 00:00,3:00 pm
Dublin,10,Partly cloudy,11,SE,0,2653,30/03/2024 16:15,30/03/2024 00:00,4:00 pm
Dublin,11,Partly cloudy,13,S,0,2655,30/03/2024 16:45,30/03/2024 00:00,4:00 pm
Dublin,10,Light rain,12,SSE,0,2657,30/03/2024 17:15,30/03/2024 00:00,5:00 pm
Dublin,10,Partly cloudy,14,SE,0,2659,30/03/2024 17:45,30/03/2024 00:00,5:00 pm
Dublin,9,Partly cloudy,11,SSE,0,2661,30/03/2024 18:15,30/03/2024 00:00,6:00 pm
Dublin,9,Partly cloudy,13,SE,0,2663,30/03/2024 18:45,30/03/2024 00:00,6:00 pm
Dublin,9,Partly cloudy,9,SE,0,2665,30/03/2024 19:15,30/03/2024 00:00,7:00 pm
Dublin,8,Partly cloudy,15,SSE,0,2667,30/03/2024 20:00,30/03/2024 00:00,8:00 pm
Dublin,8,Partly cloudy,13,SSE,0,2669,30/03/2024 20:15,30/03/2024 00:00,8:00 pm
Dublin,8,Partly cloudy,8,SE,0,2671,30/03/2024 20:45,30/03/2024 00:00,8:00 pm
Dublin,8,Partly cloudy,8,SE,0,2673,30/03/2024 21:15,30/03/2024 00:00,9:00 pm
Dublin,8,Partly cloudy,6,SE,0,2675,30/03/2024 21:45,30/03/2024 00:00,9:00 pm
Dublin,8,Partly cloudy,7,SE,0,2677,30/03/2024 22:15,30/03/2024 00:00,10:00 pm
Dublin,8,Partly cloudy,6,SE,0,2679,30/03/2024 22:45,30/03/2024 00:00,10:00 pm
Dublin,8,Partly cloudy,7,SE,0,2681,30/03/2024 23:30,30/03/2024 00:00,11:00 pm
Dublin,8,Partly cloudy,9,ESE,2,2683,31/03/2024 00:15,31/03/2024 00:00,12:00 am
Dublin,6,Light rain,9,ESE,2,2685,31/03/2024 00:45,31/03/2024 00:00,12:00 am
Dublin,8,Partly cloudy,11,ESE,1,2687,31/03/2024 02:30,31/03/2024 00:00,2:00 am
Dublin,8,Clear,8,ESE,1,2689,31/03/2024 02:45,31/03/2024 00:00,2:00 am
Dublin,7,Light rain,12,E,0,2691,31/03/2024 03:15,31/03/2024 00:00,3:00 am
Dublin,7,Light rain,11,ESE,0,2693,31/03/2024 03:45,31/03/2024 00:00,3:00 am
Dublin,7,Light rain,9,E,0,2695,31/03/2024 04:15,31/03/2024 00:00,4:00 am
Dublin,7,Light rain,13,E,0,2697,31/03/2024 04:45,31/03/2024 00:00,4:00 am
Dublin,8,Light rain,12,ESE,0,2699,31/03/2024 05:15,31/03/2024 00:00,5:00 am
Dublin,8,Light rain,13,ESE,0,2701,31/03/2024 05:45,31/03/2024 00:00,5:00 am
Dublin,8,Light rain,11,SE,1,2703,31/03/2024 06:30,31/03/2024 00:00,6:00 am
Dublin,8,Light rain,12,SE,1,2705,31/03/2024 07:00,31/03/2024 00:00,7:00 am
Dublin,8,Partly cloudy,9,ESE,1,2707,31/03/2024 07:30,31/03/2024 00:00,7:00 am
Dublin,8,Partly cloudy,8,E,1,2709,31/03/2024 07:45,31/03/2024 00:00,7:00 am
Dublin,8,Partly cloudy,11,ESE,1,2711,31/03/2024 08:15,31/03/2024 00:00,8:00 am
Dublin,8,Partly cloudy,11,E,1,2713,31/03/2024 08:45,31/03/2024 00:00,8:00 am
Dublin,8,Partly cloudy,16,E,0,2715,31/03/2024 09:15,31/03/2024 00:00,9:00 am
Dublin,8,Partly cloudy,16,E,0,2717,31/03/2024 09:45,31/03/2024 00:00,9:00 am
Dublin,9,Partly cloudy,11,SSE,0,2719,31/03/2024 10:15,31/03/2024 00:00,10:00 am
Dublin,9,Partly cloudy,15,ESE,0,2721,31/03/2024 10:45,31/03/2024 00:00,10:00 am
Dublin,10,Partly cloudy,19,ESE,0,2723,31/03/2024 11:15,31/03/2024 00:00,11:00 am
Dublin,10,Partly cloudy,19,ESE,0,2725,31/03/2024 11:45,31/03/2024 00:00,11:00 am
Dublin,11,Partly cloudy,19,ESE,0,2727,31/03/2024 12:15,31/03/2024 00:00,12:00 pm
Dublin,11,Partly cloudy,19,ESE,0,2729,31/03/2024 12:45,31/03/2024 00:00,12:00 pm
Dublin,12,Partly cloudy,14,SE,0,2731,31/03/2024 13:15,31/03/2024 00:00,1:00 pm
Dublin,12,Partly cloudy,21,ESE,0,2733,31/03/2024 14:00,31/03/2024 00:00,2:00 pm
Dublin,12,Partly cloudy,14,E,0,2735,31/03/2024 14:15,31/03/2024 00:00,2:00 pm
Dublin,12,Partly cloudy,14,E,0,2737,31/03/2024 15:00,31/03/2024 00:00,3:00 pm
Dublin,11,Partly cloudy,14,E,0,2739,31/03/2024 15:15,31/03/2024 00:00,3:00 pm
Dublin,11,Partly cloudy,14,E,0,2741,31/03/2024 15:45,31/03/2024 00:00,3:00 pm
Dublin,11,Partly cloudy,11,ENE,0,2743,31/03/2024 16:15,31/03/2024 00:00,4:00 pm
Dublin,11,Partly cloudy,19,E,0,2745,31/03/2024 16:45,31/03/2024 00:00,4:00 pm
Dublin,11,Partly cloudy,16,E,0,2747,31/03/2024 17:30,31/03/2024 00:00,5:00 pm
Dublin,10,Partly cloudy,17,E,0,2749,31/03/2024 17:45,31/03/2024 00:00,5:00 pm
Dublin,10,Partly cloudy,15,E,0,2751,31/03/2024 18:30,31/03/2024 00:00,6:00 pm
Dublin,10,Partly cloudy,15,E,0,2753,31/03/2024 18:45,31/03/2024 00:00,6:00 pm
Dublin,9,Partly cloudy,14,ENE,0,2755,31/03/2024 19:30,31/03/2024 00:00,7:00 pm
Dublin,9,Partly cloudy,15,ENE,0,2757,31/03/2024 19:45,31/03/2024 00:00,7:00 pm
Dublin,9,Partly cloudy,15,ENE,0,2759,31/03/2024 20:15,31/03/2024 00:00,8:00 pm
Dublin,9,Partly cloudy,14,ENE,0,2761,31/03/2024 20:45,31/03/2024 00:00,8:00 pm
Dublin,9,Partly cloudy,16,ENE,0,2763,31/03/2024 21:15,31/03/2024 00:00,9:00 pm
Dublin,9,Partly cloudy,16,ENE,0,2765,31/03/2024 21:45,31/03/2024 00:00,9:00 pm
Dublin,9,Partly cloudy,17,E,0,2767,31/03/2024 22:15,31/03/2024 00:00,10:00 pm
Dublin,9,Partly cloudy,19,E,0,2769,31/03/2024 22:45,31/03/2024 00:00,10:00 pm
Dublin,9,Partly cloudy,19,E,0,2771,31/03/2024 23:15,31/03/2024 00:00,11:00 pm
Dublin,9,Partly cloudy,19,E,0,2773,31/03/2024 23:45,31/03/2024 00:00,11:00 pm
Dublin,8,Partly cloudy,19,ENE,0,2775,01/04/2024 00:15,01/04/2024 00:00,12:00 am
Dublin,8,Partly cloudy,17,E,0,2777,01/04/2024 00:45,01/04/2024 00:00,12:00 am
Dublin,8,Partly cloudy,17,E,0,2779,01/04/2024 01:15,01/04/2024 00:00,1:00 am
Dublin,7,Patchy rain nearby,15,ENE,0,2781,01/04/2024 01:45,01/04/2024 00:00,1:00 am
Dublin,8,Partly cloudy,17,E,0,2783,01/04/2024 02:15,01/04/2024 00:00,2:00 am
Dublin,8,Partly cloudy,15,E,0,2785,01/04/2024 03:00,01/04/2024 00:00,3:00 am
Dublin,8,Overcast,15,E,0,2787,01/04/2024 03:30,01/04/2024 00:00,3:00 am
Dublin,8,Partly cloudy,19,E,0,2789,01/04/2024 03:45,01/04/2024 00:00,3:00 am
Dublin,8,Partly cloudy,15,E,0,2791,01/04/2024 04:15,01/04/2024 00:00,4:00 am
Dublin,8,Partly cloudy,14,E,0,2793,01/04/2024 04:45,01/04/2024 00:00,4:00 am
Dublin,8,Partly cloudy,13,E,0,2795,01/04/2024 05:15,01/04/2024 00:00,5:00 am
Dublin,8,Partly cloudy,14,E,0,2797,01/04/2024 06:00,01/04/2024 00:00,6:00 am
Dublin,8,Partly cloudy,13,E,0,2799,01/04/2024 06:15,01/04/2024 00:00,6:00 am
Dublin,8,Partly cloudy,14,E,0,2801,01/04/2024 06:45,01/04/2024 00:00,6:00 am
Dublin,8,Partly cloudy,13,E,1,2803,01/04/2024 07:30,01/04/2024 00:00,7:00 am
Dublin,8,Partly cloudy,11,E,1,2805,01/04/2024 07:45,01/04/2024 00:00,7:00 am
Dublin,8,Partly cloudy,12,E,0,2807,01/04/2024 08:15,01/04/2024 00:00,8:00 am
Dublin,8,Partly cloudy,13,E,0,2809,01/04/2024 08:45,01/04/2024 00:00,8:00 am
Dublin,8,Partly cloudy,14,E,0,2811,01/04/2024 09:15,01/04/2024 00:00,9:00 am
Dublin,8,Light rain,13,E,0,2813,01/04/2024 10:30,01/04/2024 00:00,10:00 am
Dublin,8,Light rain,15,E,0,2815,01/04/2024 10:45,01/04/2024 00:00,10:00 am
Dublin,8,Partly cloudy,14,E,0,2817,01/04/2024 11:15,01/04/2024 00:00,11:00 am
Dublin,8,Partly cloudy,11,E,0,2819,01/04/2024 11:45,01/04/2024 00:00,11:00 am
Dublin,8,Partly cloudy,9,ENE,0,2821,01/04/2024 12:15,01/04/2024 00:00,12:00 pm
Dublin,8,Partly cloudy,9,ENE,0,2823,01/04/2024 12:45,01/04/2024 00:00,12:00 pm
Dublin,8,Partly cloudy,16,ENE,0,2825,01/04/2024 13:30,01/04/2024 00:00,1:00 pm
Dublin,9,Partly cloudy,14,ENE,0,2827,01/04/2024 13:45,01/04/2024 00:00,1:00 pm
Dublin,9,Partly cloudy,14,E,0,2829,01/04/2024 14:15,01/04/2024 00:00,2:00 pm
Dublin,8,Light rain,14,ENE,1,2831,01/04/2024 14:45,01/04/2024 00:00,2:00 pm
Dublin,7,Light rain,14,ENE,1,2833,01/04/2024 15:15,01/04/2024 00:00,3:00 pm
Dublin,7,Light rain,12,ENE,1,2835,01/04/2024 15:45,01/04/2024 00:00,3:00 pm
Dublin,8,Light rain,14,NE,1,2837,01/04/2024 16:15,01/04/2024 00:00,4:00 pm
Dublin,7,Light rain,14,NE,1,2839,01/04/2024 16:45,01/04/2024 00:00,4:00 pm
Dublin,7,Light rain,14,NE,0,2841,01/04/2024 17:30,01/04/2024 00:00,5:00 pm
Dublin,7,Light drizzle,13,NE,0,2843,01/04/2024 17:45,01/04/2024 00:00,5:00 pm
Dublin,7,Light rain,12,NE,0,2845,01/04/2024 18:15,01/04/2024 00:00,6:00 pm
Dublin,7,Partly cloudy,11,ENE,0,2847,01/04/2024 18:45,01/04/2024 00:00,6:00 pm
Dublin,7,Partly cloudy,9,NE,0,2849,01/04/2024 19:15,01/04/2024 00:00,7:00 pm
Dublin,7,Light rain,6,ENE,0,2851,01/04/2024 19:45,01/04/2024 00:00,7:00 pm
Dublin,7,Partly cloudy,7,NE,0,2853,01/04/2024 20:15,01/04/2024 00:00,8:00 pm
Dublin,7,Partly cloudy,4,ENE,0,2855,01/04/2024 20:45,01/04/2024 00:00,8:00 pm
Dublin,7,Partly cloudy,6,NNE,0,2857,01/04/2024 21:30,01/04/2024 00:00,9:00 pm
Dublin,6,Partly cloudy,2,NNE,0,2859,01/04/2024 21:45,01/04/2024 00:00,9:00 pm
Dublin,7,Partly cloudy,2,N,0,2861,01/04/2024 22:15,01/04/2024 00:00,10:00 pm
Dublin,6,Partly cloudy,2,N,0,2863,01/04/2024 22:45,01/04/2024 00:00,10:00 pm
Dublin,5,Partly cloudy,2,NNW,0,2865,01/04/2024 23:15,01/04/2024 00:00,11:00 pm
Dublin,5,Partly cloudy,2,NNW,0,2867,01/04/2024 23:45,01/04/2024 00:00,11:00 pm
Dublin,5,Partly cloudy,2,WNW,0,2869,02/04/2024 00:15,02/04/2024 00:00,12:00 am
Dublin,5,Partly cloudy,4,WNW,0,2871,02/04/2024 01:00,02/04/2024 00:00,1:00 am
Dublin,5,Partly cloudy,4,WNW,0,2873,02/04/2024 01:15,02/04/2024 00:00,1:00 am
Dublin,5,Partly cloudy,4,WNW,0,2875,02/04/2024 01:45,02/04/2024 00:00,1:00 am
Dublin,3,Partly cloudy,4,W,0,2877,02/04/2024 02:15,02/04/2024 00:00,2:00 am
Dublin,3,Fog,7,W,0,2879,02/04/2024 02:45,02/04/2024 00:00,2:00 am
Dublin,2,Partly cloudy,6,W,0,2881,02/04/2024 03:15,02/04/2024 00:00,3:00 am
Dublin,2,Partly cloudy,7,W,0,2883,02/04/2024 03:45,02/04/2024 00:00,3:00 am
Dublin,2,Partly cloudy,6,W,0,2885,02/04/2024 04:15,02/04/2024 00:00,4:00 am
Dublin,1,Fog,6,W,0,2887,02/04/2024 04:45,02/04/2024 00:00,4:00 am
Dublin,1,Fog,7,W,0,2889,02/04/2024 05:15,02/04/2024 00:00,5:00 am
Dublin,1,Fog,7,W,0,2891,02/04/2024 05:45,02/04/2024 00:00,5:00 am
Dublin,1,Mist,6,W,0,2893,02/04/2024 06:15,02/04/2024 00:00,6:00 am
Dublin,2,Fog,2,WSW,0,2895,02/04/2024 06:45,02/04/2024 00:00,6:00 am
Dublin,4,Mist,2,S,0,2897,02/04/2024 07:15,02/04/2024 00:00,7:00 am
Dublin,4,Mist,2,S,0,2899,02/04/2024 07:45,02/04/2024 00:00,7:00 am
Dublin,4,Fog,2,SSE,0,2901,02/04/2024 08:15,02/04/2024 00:00,8:00 am
Dublin,5,Partly cloudy,2,SSE,0,2903,02/04/2024 08:45,02/04/2024 00:00,8:00 am
Dublin,5,Partly cloudy,2,SE,0,2905,02/04/2024 09:15,02/04/2024 00:00,9:00 am
Dublin,8,Partly cloudy,2,WSW,0,2907,02/04/2024 10:00,02/04/2024 00:00,10:00 am
Dublin,8,Partly cloudy,2,WSW,0,2909,02/04/2024 10:15,02/04/2024 00:00,10:00 am
Dublin,9,Partly cloudy,2,ESE,0,2911,02/04/2024 10:45,02/04/2024 00:00,10:00 am
Dublin,9,Partly cloudy,2,SE,0,2913,02/04/2024 11:30,02/04/2024 00:00,11:00 am
Dublin,10,Partly cloudy,6,SE,0,2915,02/04/2024 11:45,02/04/2024 00:00,11:00 am
Dublin,10,Partly cloudy,2,ESE,0,2917,02/04/2024 12:30,02/04/2024 00:00,12:00 pm
Dublin,11,Partly cloudy,7,SE,0,2919,02/04/2024 13:00,02/04/2024 00:00,1:00 pm
Dublin,11,Partly cloudy,7,SE,0,2921,02/04/2024 13:15,02/04/2024 00:00,1:00 pm
Dublin,11,Partly cloudy,9,SE,0,2923,02/04/2024 13:45,02/04/2024 00:00,1:00 pm
Dublin,11,Partly cloudy,9,SE,0,2925,02/04/2024 14:30,02/04/2024 00:00,2:00 pm
Dublin,11,Partly cloudy,12,SE,0,2927,02/04/2024 14:45,02/04/2024 00:00,2:00 pm
Dublin,11,Partly cloudy,11,SE,0,2929,02/04/2024 15:15,02/04/2024 00:00,3:00 pm
Dublin,12,Partly cloudy,14,SE,0,2931,02/04/2024 15:45,02/04/2024 00:00,3:00 pm
Dublin,11,Partly cloudy,12,SE,0,2933,02/04/2024 16:45,02/04/2024 00:00,4:00 pm
Dublin,11,Partly cloudy,11,SE,0,2935,02/04/2024 17:15,02/04/2024 00:00,5:00 pm
Dublin,10,Partly cloudy,12,SE,0,2937,02/04/2024 18:00,02/04/2024 00:00,6:00 pm
Dublin,10,Partly cloudy,8,ESE,0,2939,02/04/2024 18:30,02/04/2024 00:00,6:00 pm
Dublin,9,Partly cloudy,9,ESE,0,2941,02/04/2024 18:45,02/04/2024 00:00,6:00 pm
Dublin,9,Partly cloudy,9,ESE,0,2943,02/04/2024 19:15,02/04/2024 00:00,7:00 pm
Dublin,9,Partly cloudy,9,E,0,2945,02/04/2024 19:45,02/04/2024 00:00,7:00 pm
Dublin,9,Light rain,11,E,0,2947,02/04/2024 20:15,02/04/2024 00:00,8:00 pm
Dublin,8,Light rain,11,E,0,2949,02/04/2024 20:45,02/04/2024 00:00,8:00 pm
Dublin,8,Light rain,14,E,1,2951,02/04/2024 21:30,02/04/2024 00:00,9:00 pm
Dublin,8,Light rain,13,E,1,2953,02/04/2024 21:45,02/04/2024 00:00,9:00 pm
Dublin,8,Light rain,15,ENE,1,2955,02/04/2024 22:15,02/04/2024 00:00,10:00 pm
Dublin,8,Partly cloudy,11,ENE,1,2957,02/04/2024 22:45,02/04/2024 00:00,10:00 pm
Dublin,8,Partly cloudy,14,ENE,0,2959,02/04/2024 23:15,02/04/2024 00:00,11:00 pm
Dublin,8,Partly cloudy,13,ENE,1,2961,03/04/2024 00:00,03/04/2024 00:00,12:00 am
Dublin,8,Partly cloudy,14,NE,1,2963,03/04/2024 00:15,03/04/2024 00:00,12:00 am
Dublin,8,Partly cloudy,13,NE,1,2965,03/04/2024 00:45,03/04/2024 00:00,12:00 am
Dublin,8,Light rain,12,ENE,1,2967,03/04/2024 01:15,03/04/2024 00:00,1:00 am
Dublin,8,Light drizzle,9,ENE,1,2969,03/04/2024 01:45,03/04/2024 00:00,1:00 am
Dublin,7,Light rain,14,NNE,1,2971,03/04/2024 02:15,03/04/2024 00:00,2:00 am
Dublin,7,Light rain,14,NE,1,2973,03/04/2024 02:45,03/04/2024 00:00,2:00 am
Dublin,8,Light rain,13,NNE,3,2975,03/04/2024 03:15,03/04/2024 00:00,3:00 am
Dublin,8,Moderate rain,14,NNE,3,2977,03/04/2024 03:45,03/04/2024 00:00,3:00 am
Dublin,8,Light rain,14,N,3,2979,03/04/2024 04:15,03/04/2024 00:00,4:00 am
Dublin,8,Light rain,14,NNE,3,2981,03/04/2024 04:45,03/04/2024 00:00,4:00 am
Dublin,8,Light rain,14,N,3,2983,03/04/2024 05:15,03/04/2024 00:00,5:00 am
Dublin,8,Light rain,17,N,3,2985,03/04/2024 05:45,03/04/2024 00:00,5:00 am
Dublin,8,Moderate rain,11,NNW,2,2987,03/04/2024 06:15,03/04/2024 00:00,6:00 am
Dublin,8,Moderate rain,11,NNW,2,2989,03/04/2024 06:45,03/04/2024 00:00,6:00 am
Dublin,7,Light rain,9,NNW,0,2991,03/04/2024 07:15,03/04/2024 00:00,7:00 am
Dublin,7,Moderate rain,16,NW,0,2993,03/04/2024 08:00,03/04/2024 00:00,8:00 am
Dublin,7,Light rain,16,NW,0,2995,03/04/2024 08:15,03/04/2024 00:00,8:00 am
Dublin,7,Partly cloudy,11,WNW,0,2997,03/04/2024 08:45,03/04/2024 00:00,8:00 am
Dublin,7,Partly cloudy,12,WNW,0,2999,03/04/2024 09:15,03/04/2024 00:00,9:00 am
Dublin,7,Partly cloudy,17,NW,0,3001,03/04/2024 09:45,03/04/2024 00:00,9:00 am
Dublin,8,Partly cloudy,12,WNW,0,3003,03/04/2024 10:15,03/04/2024 00:00,10:00 am
Dublin,8,Partly cloudy,13,WNW,0,3005,03/04/2024 10:45,03/04/2024 00:00,10:00 am
Dublin,8,Partly cloudy,13,WNW,0,3007,03/04/2024 11:15,03/04/2024 00:00,11:00 am
Dublin,9,Partly cloudy,13,W,0,3009,03/04/2024 11:45,03/04/2024 00:00,11:00 am
Dublin,9,Partly cloudy,14,W,0,3011,03/04/2024 12:15,03/04/2024 00:00,12:00 pm
Dublin,9,Partly cloudy,12,W,0,3013,03/04/2024 12:45,03/04/2024 00:00,12:00 pm
Dublin,10,Partly cloudy,11,WNW,0,3015,03/04/2024 13:15,03/04/2024 00:00,1:00 pm
Dublin,10,Partly cloudy,13,W,0,3017,03/04/2024 13:45,03/04/2024 00:00,1:00 pm
Dublin,10,Partly cloudy,13,WNW,0,3019,03/04/2024 14:15,03/04/2024 00:00,2:00 pm
Dublin,10,Partly cloudy,13,WNW,0,3021,03/04/2024 14:45,03/04/2024 00:00,2:00 pm
Dublin,11,Partly cloudy,12,W,0,3023,03/04/2024 15:15,03/04/2024 00:00,3:00 pm
Dublin,11,Partly cloudy,11,WNW,0,3025,03/04/2024 15:45,03/04/2024 00:00,3:00 pm
Dublin,11,Partly cloudy,11,WNW,0,3027,03/04/2024 16:15,03/04/2024 00:00,4:00 pm
Dublin,11,Partly cloudy,8,NW,0,3029,03/04/2024 17:00,03/04/2024 00:00,5:00 pm
Dublin,12,Partly cloudy,2,ENE,0,3031,03/04/2024 17:15,03/04/2024 00:00,5:00 pm
